category,year,month,mean_value,mean_cpi_yoy,series_count,year_month,mean_value_lag1,mean_value_lag12,mean_cpi_yoy_lag1,mean_cpi_yoy_roll3,mean_cpi_yoy_roll6,avg_mfn_rate,median_mfn_rate,codes_with_tariffs,avg_mfn_rate_missing,avg_mfn_rate_lag1,mean_value_missing,mean_cpi_yoy_missing
All Items,2022,1,411.3584626865672,,134,2022-01-01,,,,,,,,,1,,0,1
All Items,2022,2,419.3362877697842,,139,2022-02-01,411.3584626865672,,,,,,,,1,,0,1
All Items,2022,3,418.55755970149255,,134,2022-03-01,419.3362877697842,,,,,,,,1,,0,1
All Items,2022,4,396.23674193548385,,62,2022-04-01,418.55755970149255,,,,,,,,1,,0,1
All Items,2022,5,398.9750877192982,,57,2022-05-01,396.23674193548385,,,,,,,,1,,0,1
All Items,2022,6,406.64659677419354,,62,2022-06-01,398.9750877192982,,,,,,,,1,,0,1
All Items,2022,7,403.6945789473684,,57,2022-07-01,406.64659677419354,,,,,,,,1,,0,1
All Items,2022,8,406.07048387096773,,62,2022-08-01,403.6945789473684,,,,,,,,1,,0,1
All Items,2022,9,405.0737894736842,,57,2022-09-01,406.07048387096773,,,,,,,,1,,0,1
All Items,2022,10,408.628435483871,,62,2022-10-01,405.0737894736842,,,,,,,,1,,0,1
All Items,2022,11,405.4144035087719,,57,2022-11-01,408.628435483871,,,,,,,,1,,0,1
All Items,2022,12,406.7874838709678,,62,2022-12-01,405.4144035087719,,,,,,,,1,,0,1
All Items,2023,1,433.4588805970149,5.4070731707317075,134,2023-01-01,406.7874838709678,411.3584626865672,,,,,,,1,,0,0
All Items,2023,2,438.59994244604314,4.522926829268292,139,2023-02-01,433.4588805970149,419.3362877697842,5.4070731707317075,5.4070731707317075,5.4070731707317075,,,,1,,0,0
All Items,2023,3,436.9576641791045,4.218536585365854,134,2023-03-01,438.59994244604314,418.55755970149255,4.522926829268292,4.965,4.965,,,,1,,0,0
All Items,2023,4,415.88251612903224,3.618048780487805,62,2023-04-01,436.9576641791045,396.23674193548385,4.218536585365854,4.716178861788618,4.716178861788618,,,,1,,0,0
All Items,2023,5,414.24454385964907,2.522439024390244,57,2023-05-01,415.88251612903224,398.9750877192982,3.618048780487805,4.119837398373984,4.441646341463414,,,,1,,0,0
All Items,2023,6,418.60195161290324,2.8790243902439023,62,2023-06-01,414.24454385964907,406.64659677419354,2.522439024390244,3.453008130081301,4.05780487804878,,,,1,,0,0
All Items,2023,7,416.1736140350877,3.07390243902439,57,2023-07-01,418.60195161290324,403.6945789473684,2.8790243902439023,3.0065040650406503,3.861341463414634,,,,1,,0,0
All Items,2023,8,421.3564032258065,3.2770731707317076,62,2023-08-01,416.1736140350877,406.07048387096773,3.07390243902439,2.825121951219512,3.472479674796748,,,,1,,0,0
All Items,2023,9,419.63680701754384,3.169024390243903,57,2023-09-01,421.3564032258065,405.0737894736842,3.2770731707317076,3.0766666666666667,3.264837398373984,,,,1,,0,0
All Items,2023,10,421.8098387096774,3.284878048780488,62,2023-10-01,419.63680701754384,408.628435483871,3.169024390243903,3.1733333333333333,3.089918699186992,,,,1,,0,0
All Items,2023,11,419.1511052631579,5.086140350877193,57,2023-11-01,421.8098387096774,405.4144035087719,3.284878048780488,3.243658536585366,3.0343902439024393,,,,1,,0,0
All Items,2023,12,420.67595161290325,6.042258064516129,62,2023-12-01,419.1511052631579,406.7874838709678,5.086140350877193,3.8466809299671945,3.4616737983169306,,,,1,,0,0
All Items,2024,1,447.8865671641791,3.4996491228070172,134,2024-01-01,420.67595161290325,433.4588805970149,6.042258064516129,4.804425488057937,3.988879410695635,,,,1,,0,0
All Items,2024,2,451.70430935251795,3.4638709677419355,139,2024-02-01,447.8865671641791,438.59994244604314,3.4996491228070172,4.87601584606678,4.059837191326073,,,,1,,0,0
All Items,2024,3,451.3117985074627,3.768947368421053,134,2024-03-01,451.70430935251795,436.9576641791045,3.4638709677419355,4.335259385021694,4.090970157494444,,,,1,,0,0
All Items,2024,4,430.5574677419355,4.2343548387096765,62,2024-04-01,451.3117985074627,415.88251612903224,3.768947368421053,3.5774891529900024,4.19095732052397,,,,1,,0,0
All Items,2024,5,428.76170175438597,3.889298245614035,57,2024-05-01,430.5574677419355,414.24454385964907,4.2343548387096765,3.822391058290888,4.349203452178834,,,,1,,0,0
All Items,2024,6,431.930935483871,3.9493548387096777,62,2024-06-01,428.76170175438597,418.60195161290324,3.889298245614035,3.964200150914922,4.149729767968307,,,,1,,0,0
All Items,2024,7,429.91384210526314,3.676140350877193,57,2024-07-01,431.930935483871,416.1736140350877,3.9493548387096777,4.0243359743444636,3.8009125636672323,,,,1,,0,0
All Items,2024,8,433.1405322580645,3.914193548387097,62,2024-08-01,429.91384210526314,421.3564032258065,3.676140350877193,3.8382644784003017,3.830327768345595,,,,1,,0,0
All Items,2024,9,431.12985964912275,4.231228070175439,57,2024-09-01,433.1405322580645,419.63680701754384,3.914193548387097,3.846562912657989,3.9053815317864555,,,,1,,0,0
All Items,2024,10,433.63177419354844,4.800967741935485,62,2024-10-01,431.12985964912275,421.8098387096774,4.231228070175439,3.94052065647991,3.982428315412187,,,,1,,0,0
All Items,2024,11,430.9908947368421,3.7194736842105263,57,2024-11-01,433.63177419354844,419.1511052631579,4.800967741935485,4.315463120166007,4.076863799283155,,,,1,,0,0
All Items,2024,12,433.0293064516129,4.070967741935484,62,2024-12-01,430.9908947368421,420.67595161290325,3.7194736842105263,4.2505564987738165,4.048559705715903,,,,1,,0,0
All Items,2025,1,460.76612686567165,3.3485964912280703,134,2025-01-01,433.0293064516129,447.8865671641791,4.070967741935484,4.197136389360498,4.068828522920204,,,,1,,0,0
All Items,2025,2,463.97118705035973,2.9943548387096777,139,2025-02-01,460.76612686567165,451.70430935251795,3.3485964912280703,3.7130126391246936,4.01423787964535,,,,1,,0,0
All Items,2025,3,462.99412686567166,2.9933333333333336,134,2025-03-01,463.97118705035973,451.3117985074627,2.9943548387096777,3.4713063572910774,3.860931428032447,,,,1,,0,0
All Items,2025,4,440.4847419354839,2.8649999999999998,62,2025-04-01,462.99412686567166,430.5574677419355,2.9933333333333336,3.1120948877570274,3.654615638558763,,,,1,,0,0
All Items,2025,5,439.59035087719303,3.012280701754386,57,2025-05-01,440.4847419354839,428.76170175438597,2.8649999999999998,2.9508960573476704,3.331954348236182,,,,1,,0,0
All Items,2025,6,443.0490161290323,3.305,62,2025-06-01,439.59035087719303,431.930935483871,3.012280701754386,2.95687134502924,3.214088851160158,,,,1,,0,0
All Items,2025,7,441.2456140350877,3.2149122807017543,57,2025-07-01,443.0490161290323,429.91384210526314,3.305,3.060760233918129,3.0864275608375777,,,,1,,0,0
All Items,2025,8,444.5165,3.5870967741935487,62,2025-08-01,441.2456140350877,433.1405322580645,3.2149122807017543,3.177397660818713,3.0641468590831917,,,,1,,0,0
All Items,2025,9,443.86229824561406,3.981578947368421,57,2025-09-01,444.5165,431.12985964912275,3.5870967741935487,3.3690030182984345,3.162937181663837,,,,1,,0,0
All Items,2025,10,,,62,2025-10-01,443.86229824561406,433.63177419354844,3.981578947368421,3.5945293340879076,3.3276447840030183,,,,1,,1,1
All Items,2025,11,442.751701754386,3.2687719298245614,57,2025-11-01,,430.9908947368421,,3.7843378607809846,3.4201737408036217,,,,1,,0,0
All Items,2025,12,444.3669193548387,3.5582258064516132,62,2025-12-01,442.751701754386,433.0293064516129,3.2687719298245614,3.625175438596491,3.471471986417657,,,,1,,0,0
All Other Services Goods,2022,1,265.4361789473684,,95,2022-01-01,,,,,,,,,1,,0,1
All Other Services Goods,2022,2,270.11405263157894,,95,2022-02-01,265.4361789473684,,,,,,,,1,,0,1
All Other Services Goods,2022,3,269.2942150537634,,93,2022-03-01,270.11405263157894,,,,,,,,1,,0,1
All Other Services Goods,2022,4,275.4874107142857,,56,2022-04-01,269.2942150537634,,,,,,,,1,,0,1
All Other Services Goods,2022,5,276.466125,,56,2022-05-01,275.4874107142857,,,,,,,,1,,0,1
All Other Services Goods,2022,6,273.657125,,56,2022-06-01,276.466125,,,,,,,,1,,0,1
All Other Services Goods,2022,7,279.6755344827586,,58,2022-07-01,273.657125,,,,,,,,1,,0,1
All Other Services Goods,2022,8,281.2569482758621,,58,2022-08-01,279.6755344827586,,,,,,,,1,,0,1
All Other Services Goods,2022,9,282.3407413793104,,58,2022-09-01,281.2569482758621,,,,,,,,1,,0,1
All Other Services Goods,2022,10,283.6116896551724,,58,2022-10-01,282.3407413793104,,,,,,,,1,,0,1
All Other Services Goods,2022,11,285.9834482758621,,58,2022-11-01,283.6116896551724,,,,,,,,1,,0,1
All Other Services Goods,2022,12,285.87658620689655,,58,2022-12-01,285.9834482758621,,,,,,,,1,,0,1
All Other Services Goods,2023,1,282.8653578947368,6.0092727272727275,95,2023-01-01,285.87658620689655,265.4361789473684,,,,0.0,0.0,183.0,0,,0,0
All Other Services Goods,2023,2,285.91420212765956,6.174821428571429,94,2023-02-01,282.8653578947368,270.11405263157894,6.0092727272727275,6.0092727272727275,6.0092727272727275,0.0,0.0,183.0,0,,0,0
All Other Services Goods,2023,3,285.67343617021277,6.282105263157894,94,2023-03-01,285.91420212765956,269.2942150537634,6.174821428571429,6.092047077922079,6.092047077922079,0.0,0.0,183.0,0,,0,0
All Other Services Goods,2023,4,291.3341785714286,6.949107142857144,56,2023-04-01,285.67343617021277,275.4874107142857,6.282105263157894,6.155399806334017,6.155399806334017,0.0,0.0,183.0,0,,0,0
All Other Services Goods,2023,5,297.2063103448276,6.8884482758620695,58,2023-05-01,291.3341785714286,276.466125,6.949107142857144,6.468677944862155,6.353826640464798,0.0,0.0,183.0,0,,0,0
All Other Services Goods,2023,6,293.7707142857143,6.663392857142857,56,2023-06-01,297.2063103448276,273.657125,6.8884482758620695,6.706553560625703,6.460750967544253,0.0,0.0,183.0,0,,0,0
All Other Services Goods,2023,7,298.08027586206896,5.747241379310345,58,2023-07-01,293.7707142857143,279.6755344827586,6.663392857142857,6.833649425287358,6.494524615810687,0.0,0.0,183.0,0,,0,0
All Other Services Goods,2023,8,293.48357142857145,4.8878571428571425,56,2023-08-01,298.08027586206896,281.2569482758621,5.747241379310345,6.43302750410509,6.450852724483622,0.0,0.0,183.0,0,,0,0
All Other Services Goods,2023,9,300.0815892857143,5.445535714285714,56,2023-09-01,293.48357142857145,282.3407413793104,4.8878571428571425,5.766163793103448,6.236358676864575,0.0,0.0,183.0,0,,0,0
All Other Services Goods,2023,10,298.0061785714286,5.451964285714285,56,2023-10-01,300.0815892857143,283.6116896551724,5.445535714285714,5.360211412151067,6.096930418719212,0.0,0.0,183.0,0,,0,0
All Other Services Goods,2023,11,299.2443214285714,5.101607142857143,56,2023-11-01,298.0061785714286,285.9834482758621,5.451964285714285,5.261785714285714,5.847406609195403,0.0,0.0,183.0,0,,0,0
All Other Services Goods,2023,12,298.8801666666667,6.8190740740740745,54,2023-12-01,299.2443214285714,285.87658620689655,5.101607142857143,5.333035714285714,5.54959975369458,0.0,0.0,183.0,0,,0,0
All Other Services Goods,2024,1,295.26476086956524,4.715714285714285,92,2024-01-01,298.8801666666667,282.8653578947368,6.8190740740740745,5.790881834215167,5.575546623183118,0.0,0.0,183.0,0,0.0,0,0
All Other Services Goods,2024,2,298.18375,4.618214285714286,92,2024-02-01,295.26476086956524,285.91420212765956,4.715714285714285,5.5454651675485005,5.403625440917107,0.0,0.0,183.0,0,0.0,0,0
All Other Services Goods,2024,3,300.78762765957447,4.207931034482758,94,2024-03-01,298.18375,285.67343617021277,4.618214285714286,5.384334215167549,5.358684964726631,0.0,0.0,183.0,0,0.0,0,0
All Other Services Goods,2024,4,305.95980357142855,4.088928571428571,56,2024-04-01,300.78762765957447,291.3341785714286,4.207931034482758,4.513953201970444,5.152417518092805,0.0,0.0,183.0,0,0.0,0,0
All Other Services Goods,2024,5,307.3076607142857,3.8042857142857143,56,2024-05-01,305.95980357142855,297.2063103448276,4.088928571428571,4.305024630541872,4.925244899045186,0.0,0.0,183.0,0,0.0,0,0
All Other Services Goods,2024,6,307.9913571428571,3.783035714285714,56,2024-06-01,307.3076607142857,293.7707142857143,3.8042857142857143,4.033715106732348,4.709024660949948,0.0,0.0,183.0,0,0.0,0,0
All Other Services Goods,2024,7,308.59673214285715,4.080535714285714,56,2024-07-01,307.9913571428571,298.08027586206896,3.783035714285714,3.8920833333333333,4.203018267651888,0.0,0.0,183.0,0,0.0,0,0
All Other Services Goods,2024,8,309.4275357142857,3.8103571428571428,56,2024-08-01,308.59673214285715,293.48357142857145,4.080535714285714,3.8892857142857142,4.097155172413793,0.0,0.0,183.0,0,0.0,0,0
All Other Services Goods,2024,9,315.70993103448274,3.7803448275862066,58,2024-09-01,309.4275357142857,300.0815892857143,3.8103571428571428,3.891309523809524,3.9625123152709363,0.0,0.0,183.0,0,0.0,0,0
All Other Services Goods,2024,10,310.9609074074074,3.2988888888888885,54,2024-10-01,315.70993103448274,298.0061785714286,3.7803448275862066,3.8904125615763547,3.8912479474548434,0.0,0.0,183.0,0,0.0,0,0
All Other Services Goods,2024,11,313.39289285714284,3.5085714285714285,56,2024-11-01,310.9609074074074,299.2443214285714,3.2988888888888885,3.6298636197774123,3.7595746670315635,0.0,0.0,183.0,0,0.0,0,0
All Other Services Goods,2024,12,311.56746296296296,4.1561111111111115,54,2024-12-01,313.39289285714284,298.8801666666667,3.5085714285714285,3.5292683816821744,3.710288952745849,0.0,0.0,183.0,0,0.0,0,0
All Other Services Goods,2025,1,305.65653260869567,2.121785714285714,92,2025-01-01,311.56746296296296,295.26476086956524,4.1561111111111115,3.654523809523809,3.7724681855500823,,,,1,0.0,0,0
All Other Services Goods,2025,2,310.25198913043477,3.0303571428571425,92,2025-02-01,305.65653260869567,298.18375,2.121785714285714,3.2621560846560853,3.446009852216749,,,,1,0.0,0,0
All Other Services Goods,2025,3,311.53623913043475,3.810535714285714,92,2025-03-01,310.25198913043477,300.78762765957447,3.0303571428571425,3.1027513227513226,3.3160098522167485,,,,1,0.0,0,0
All Other Services Goods,2025,4,319.38475,3.429464285714286,56,2025-04-01,311.53623913043475,305.95980357142855,3.810535714285714,2.9875595238095234,3.3210416666666664,,,,1,0.0,0,0
All Other Services Goods,2025,5,319.38939285714287,3.009642857142857,56,2025-05-01,319.38475,307.3076607142857,3.429464285714286,3.4234523809523805,3.3428042328042324,,,,1,0.0,0,0
All Other Services Goods,2025,6,320.4682321428572,2.972857142857143,56,2025-06-01,319.38939285714287,307.9913571428571,3.009642857142857,3.4165476190476185,3.2596494708994705,,,,1,0.0,0,0
All Other Services Goods,2025,7,322.4955892857143,3.4644642857142856,56,2025-07-01,320.4682321428572,308.59673214285715,2.972857142857143,3.1373214285714286,3.062440476190476,,,,1,0.0,0,0
All Other Services Goods,2025,8,322.9430535714286,3.142857142857143,56,2025-08-01,322.4955892857143,309.4275357142857,3.4644642857142856,3.1489880952380953,3.286220238095238,,,,1,0.0,0,0
All Other Services Goods,2025,9,324.17935714285716,3.216964285714286,56,2025-09-01,322.9430535714286,315.70993103448274,3.142857142857143,3.1933928571428574,3.304970238095238,,,,1,0.0,0,0
All Other Services Goods,2025,10,,,58,2025-10-01,324.17935714285716,310.9609074074074,3.216964285714286,3.2747619047619048,3.206041666666667,,,,1,0.0,1,1
All Other Services Goods,2025,11,333.52122641509436,4.106981132075472,53,2025-11-01,,313.39289285714284,,3.1799107142857146,3.1613571428571428,,,,1,0.0,0,0
All Other Services Goods,2025,12,327.596875,4.65125,56,2025-12-01,333.52122641509436,311.56746296296296,4.106981132075472,3.661972708894879,3.3808247978436663,,,,1,0.0,0,0
Apparel,2022,1,123.79090789473685,,76,2022-01-01,,,,,,,,,1,,0,1
Apparel,2022,2,124.87705263157893,,76,2022-02-01,123.79090789473685,,,,,,,,1,,0,1
Apparel,2022,3,125.25111842105262,,76,2022-03-01,124.87705263157893,,,,,,,,1,,0,1
Apparel,2022,4,124.5883,,50,2022-04-01,125.25111842105262,,,,,,,,1,,0,1
Apparel,2022,5,124.96638000000002,,50,2022-05-01,124.5883,,,,,,,,1,,0,1
Apparel,2022,6,125.2967,,50,2022-06-01,124.96638000000002,,,,,,,,1,,0,1
Apparel,2022,7,124.5904,,50,2022-07-01,125.2967,,,,,,,,1,,0,1
Apparel,2022,8,125.61034,,50,2022-08-01,124.5904,,,,,,,,1,,0,1
Apparel,2022,9,126.90456,,50,2022-09-01,125.61034,,,,,,,,1,,0,1
Apparel,2022,10,126.18486000000001,,50,2022-10-01,126.90456,,,,,,,,1,,0,1
Apparel,2022,11,125.19912000000001,,50,2022-11-01,126.18486000000001,,,,,,,,1,,0,1
Apparel,2022,12,124.66708,,50,2022-12-01,125.19912000000001,,,,,,,,1,,0,1
Apparel,2023,1,127.53768421052631,1.3969999999999998,76,2023-01-01,124.66708,123.79090789473685,,,,0.0,0.0,1586.0,0,,0,0
Apparel,2023,2,128.5580657894737,2.82,76,2023-02-01,127.53768421052631,124.87705263157893,1.3969999999999998,1.3969999999999998,1.3969999999999998,0.0,0.0,1586.0,0,,0,0
Apparel,2023,3,129.15413157894736,3.9396,76,2023-03-01,128.5580657894737,125.25111842105262,2.82,2.1085,2.1085,0.0,0.0,1586.0,0,,0,0
Apparel,2023,4,129.27606,3.6296000000000004,50,2023-04-01,129.15413157894736,124.5883,3.9396,2.7188666666666665,2.7188666666666665,0.0,0.0,1586.0,0,,0,0
Apparel,2023,5,129.4501,3.6756,50,2023-05-01,129.27606,124.96638000000002,3.6296000000000004,3.4630666666666663,2.9465500000000002,0.0,0.0,1586.0,0,,0,0
Apparel,2023,6,129.13495999999998,3.6562,50,2023-06-01,129.4501,125.2967,3.6756,3.7482666666666673,3.09236,0.0,0.0,1586.0,0,,0,0
Apparel,2023,7,128.6887,2.4046000000000003,50,2023-07-01,129.13495999999998,124.5904,3.6562,3.6538000000000004,3.1863333333333337,0.0,0.0,1586.0,0,,0,0
Apparel,2023,8,129.635,2.1098,50,2023-08-01,128.6887,125.61034,2.4046000000000003,3.2454666666666667,3.354266666666667,0.0,0.0,1586.0,0,,0,0
Apparel,2023,9,129.65248,2.7398000000000002,50,2023-09-01,129.635,126.90456,2.1098,2.7235333333333336,3.2359000000000004,0.0,0.0,1586.0,0,,0,0
Apparel,2023,10,129.6497,3.8562,50,2023-10-01,129.65248,126.18486000000001,2.7398000000000002,2.418066666666667,3.035933333333334,0.0,0.0,1586.0,0,,0,0
Apparel,2023,11,126.90737999999999,2.1216,50,2023-11-01,129.6497,125.19912000000001,3.8562,2.9019333333333335,3.0737,0.0,0.0,1586.0,0,,0,0
Apparel,2023,12,125.93888000000001,-0.105,50,2023-12-01,126.90737999999999,124.66708,2.1216,2.905866666666667,2.8147,0.0,0.0,1586.0,0,,0,0
Apparel,2024,1,127.79365789473684,-1.5188,76,2024-01-01,125.93888000000001,127.53768421052631,-0.105,1.9575999999999996,2.1878333333333333,0.0,0.0,1580.0,0,0.0,0,0
Apparel,2024,2,128.84781578947369,-0.35719999999999996,76,2024-02-01,127.79365789473684,128.5580657894737,-1.5188,0.16593333333333335,1.5339333333333334,0.0,0.0,1580.0,0,0.0,0,0
Apparel,2024,3,129.69356578947367,0.8508,76,2024-03-01,128.84781578947369,129.15413157894736,-0.35719999999999996,-0.6603333333333333,1.1227666666666667,0.0,0.0,1580.0,0,0.0,0,0
Apparel,2024,4,130.45690000000002,1.0382,50,2024-04-01,129.69356578947367,129.27606,0.8508,-0.3417333333333333,0.8079333333333333,0.0,0.0,1580.0,0,0.0,0,0
Apparel,2024,5,129.82872,0.708,50,2024-05-01,130.45690000000002,129.4501,1.0382,0.5106,0.3382666666666667,0.0,0.0,1580.0,0,0.0,0,0
Apparel,2024,6,129.83808,1.0144,50,2024-06-01,129.82872,129.13495999999998,0.708,0.8656666666666667,0.10266666666666668,0.0,0.0,1580.0,0,0.0,0,0
Apparel,2024,7,128.5654,-0.9617999999999999,50,2024-07-01,129.83808,128.6887,1.0144,0.9202,0.28923333333333334,0.0,0.0,1580.0,0,0.0,0,0
Apparel,2024,8,129.12538,-1.0112,50,2024-08-01,128.5654,129.635,-0.9617999999999999,0.25353333333333333,0.3820666666666667,0.0,0.0,1580.0,0,0.0,0,0
Apparel,2024,9,131.70376,1.6674,50,2024-09-01,129.12538,129.65248,-1.0112,-0.31953333333333334,0.27306666666666674,0.0,0.0,1580.0,0,0.0,0,0
Apparel,2024,10,130.39594,2.156,50,2024-10-01,131.70376,129.6497,1.6674,-0.10186666666666662,0.4091666666666667,0.0,0.0,1580.0,0,0.0,0,0
Apparel,2024,11,128.86804,2.2194,50,2024-11-01,130.39594,126.90737999999999,2.156,0.9373999999999999,0.5954666666666667,0.0,0.0,1580.0,0,0.0,0,0
Apparel,2024,12,128.01986,-0.483,50,2024-12-01,128.86804,125.93888000000001,2.2194,2.0142666666666664,0.8473666666666667,0.0,0.0,1580.0,0,0.0,0,0
Apparel,2025,1,128.3561052631579,-0.935,76,2025-01-01,128.01986,127.79365789473684,-0.483,1.2974666666666665,0.5978000000000001,,,,1,0.0,0,0
Apparel,2025,2,129.95276315789474,0.24820000000000003,76,2025-02-01,128.3561052631579,128.84781578947369,-0.935,0.2671333333333331,0.6022666666666667,,,,1,0.0,0,0
Apparel,2025,3,130.6729342105263,0.858,76,2025-03-01,129.95276315789474,129.69356578947367,0.24820000000000003,-0.3899333333333335,0.8121666666666667,,,,1,0.0,0,0
Apparel,2025,4,130.248,0.11280000000000003,50,2025-04-01,130.6729342105263,130.45690000000002,0.858,0.05706666666666649,0.6772666666666667,,,,1,0.0,0,0
Apparel,2025,5,129.20141999999998,-0.2634,50,2025-05-01,130.248,129.82872,0.11280000000000003,0.40633333333333316,0.3367333333333334,,,,1,0.0,0,0
Apparel,2025,6,129.33824,0.5808,50,2025-06-01,129.20141999999998,129.83808,-0.2634,0.2357999999999998,-0.0770666666666666,,,,1,0.0,0,0
Apparel,2025,7,128.7815,-0.551,50,2025-07-01,129.33824,128.5654,0.5808,0.14339999999999983,0.1002333333333334,,,,1,0.0,0,0
Apparel,2025,8,131.03396,-0.313,50,2025-08-01,128.7815,129.12538,-0.551,-0.07786666666666686,0.1642333333333334,,,,1,0.0,0,0
Apparel,2025,9,133.0208,1.6962000000000002,50,2025-09-01,131.03396,131.70376,-0.313,-0.09440000000000019,0.07070000000000005,,,,1,0.0,0,0
Apparel,2025,10,,,50,2025-10-01,133.0208,130.39594,1.6962000000000002,0.27739999999999987,0.21040000000000011,,,,1,0.0,1,1
Apparel,2025,11,130.2063,1.594,50,2025-11-01,,128.86804,,0.6915999999999998,0.22992000000000012,,,,1,0.0,0,0
Apparel,2025,12,129.55466,-0.6043999999999999,50,2025-12-01,130.2063,128.01986,1.594,1.6450999999999998,0.6014000000000002,,,,1,0.0,0,0
Commodities Services Special,2022,1,248.91602512562812,,199,2022-01-01,,,,,,,,,1,,0,1
Commodities Services Special,2022,2,252.77745226130654,,199,2022-02-01,248.91602512562812,,,,,,,,1,,0,1
Commodities Services Special,2022,3,256.35162311557787,,199,2022-03-01,252.77745226130654,,,,,,,,1,,0,1
Commodities Services Special,2022,4,257.1559827586207,,116,2022-04-01,256.35162311557787,,,,,,,,1,,0,1
Commodities Services Special,2022,5,261.9887586206897,,116,2022-05-01,257.1559827586207,,,,,,,,1,,0,1
Commodities Services Special,2022,6,268.43577586206897,,116,2022-06-01,261.9887586206897,,,,,,,,1,,0,1
Commodities Services Special,2022,7,265.14791379310344,,116,2022-07-01,268.43577586206897,,,,,,,,1,,0,1
Commodities Services Special,2022,8,261.1199224137931,,116,2022-08-01,265.14791379310344,,,,,,,,1,,0,1
Commodities Services Special,2022,9,260.33289655172416,,116,2022-09-01,261.1199224137931,,,,,,,,1,,0,1
Commodities Services Special,2022,10,262.3347327586207,,116,2022-10-01,260.33289655172416,,,,,,,,1,,0,1
Commodities Services Special,2022,11,261.38914655172414,,116,2022-11-01,262.3347327586207,,,,,,,,1,,0,1
Commodities Services Special,2022,12,257.38092241379314,,116,2022-12-01,261.38914655172414,,,,,,,,1,,0,1
Commodities Services Special,2023,1,259.92820100502513,4.435431034482758,199,2023-01-01,257.38092241379314,248.91602512562812,,,,0.0,0.0,1074.0,0,,0,0
Commodities Services Special,2023,2,262.355959798995,2.5191379310344826,199,2023-02-01,259.92820100502513,252.77745226130654,4.435431034482758,4.435431034482758,4.435431034482758,0.0,0.0,1074.0,0,,0,0
Commodities Services Special,2023,3,261.76524120603017,1.7952586206896552,199,2023-03-01,262.355959798995,256.35162311557787,2.5191379310344826,3.4772844827586207,3.4772844827586207,0.0,0.0,1074.0,0,,0,0
Commodities Services Special,2023,4,263.71915517241376,1.2274137931034483,116,2023-04-01,261.76524120603017,257.1559827586207,1.7952586206896552,2.9166091954022986,2.9166091954022986,0.0,0.0,1074.0,0,,0,0
Commodities Services Special,2023,5,263.5942068965517,-0.6157758620689656,116,2023-05-01,263.71915517241376,261.9887586206897,1.2274137931034483,1.8472701149425286,2.494310344827586,0.0,0.0,1074.0,0,,0,0
Commodities Services Special,2023,6,264.38943103448275,-0.2736206896551724,116,2023-06-01,263.5942068965517,268.43577586206897,-0.6157758620689656,0.8022988505747127,1.872293103448276,0.0,0.0,1074.0,0,,0,0
Commodities Services Special,2023,7,264.75302586206897,0.9532758620689655,116,2023-07-01,264.38943103448275,265.14791379310344,-0.2736206896551724,0.11267241379310344,1.5146408045977011,0.0,0.0,1074.0,0,,0,0
Commodities Services Special,2023,8,267.64116379310343,2.487931034482759,116,2023-08-01,264.75302586206897,261.1199224137931,0.9532758620689655,0.02129310344827584,0.9342816091954024,0.0,0.0,1074.0,0,,0,0
Commodities Services Special,2023,9,268.84236206896554,2.3438793103448274,116,2023-09-01,267.64116379310343,260.33289655172416,2.487931034482759,1.0558620689655174,0.9290804597701149,0.0,0.0,1074.0,0,,0,0
Commodities Services Special,2023,10,267.51256896551723,2.0713793103448275,116,2023-10-01,268.84236206896554,262.3347327586207,2.3438793103448274,1.928362068965517,1.0205172413793104,0.0,0.0,1074.0,0,,0,0
Commodities Services Special,2023,11,265.3549655172414,2.483793103448276,116,2023-11-01,267.51256896551723,261.38914655172414,2.0713793103448275,2.3010632183908046,1.1611781609195402,0.0,0.0,1074.0,0,,0,0
Commodities Services Special,2023,12,263.9990344827586,1.4995689655172413,116,2023-12-01,265.3549655172414,257.38092241379314,2.483793103448276,2.2996839080459766,1.6777729885057473,0.0,0.0,1074.0,0,,0,0
Commodities Services Special,2024,1,265.5459095477387,0.9704310344827586,199,2024-01-01,263.9990344827586,259.92820100502513,1.4995689655172413,2.0182471264367816,1.9733045977011494,0.0,0.0,1073.0,0,0.0,0,0
Commodities Services Special,2024,2,267.0839246231156,1.521551724137931,199,2024-02-01,265.5459095477387,262.355959798995,0.9704310344827586,1.6512643678160919,1.9761637931034484,0.0,0.0,1073.0,0,0.0,0,0
Commodities Services Special,2024,3,268.47143216080406,1.8845689655172413,199,2024-03-01,267.0839246231156,261.76524120603017,1.521551724137931,1.33051724137931,1.8151005747126439,0.0,0.0,1073.0,0,0.0,0,0
Commodities Services Special,2024,4,271.6865948275862,2.401724137931035,116,2024-04-01,268.47143216080406,263.71915517241376,1.8845689655172413,1.4588505747126435,1.7385488505747126,0.0,0.0,1073.0,0,0.0,0,0
Commodities Services Special,2024,5,271.61056896551725,2.2193965517241376,116,2024-05-01,271.6865948275862,263.5942068965517,2.401724137931035,1.935948275862069,1.7936063218390803,0.0,0.0,1073.0,0,0.0,0,0
Commodities Services Special,2024,6,270.53394827586203,1.66,116,2024-06-01,271.61056896551725,264.38943103448275,2.2193965517241376,2.168563218390805,1.7495402298850573,0.0,0.0,1073.0,0,0.0,0,0
Commodities Services Special,2024,7,270.7689137931034,0.9968103448275861,116,2024-07-01,270.53394827586203,264.75302586206897,1.66,2.093706896551724,1.7762787356321839,0.0,0.0,1073.0,0,0.0,0,0
Commodities Services Special,2024,8,270.2945172413793,0.36689655172413793,116,2024-08-01,270.7689137931034,267.64116379310343,0.9968103448275861,1.6254022988505745,1.7806752873563216,0.0,0.0,1073.0,0,0.0,0,0
Commodities Services Special,2024,9,269.73374137931035,0.3816379310344828,116,2024-09-01,270.2945172413793,268.84236206896554,0.36689655172413793,1.0079022988505748,1.5882327586206895,0.0,0.0,1073.0,0,0.0,0,0
Commodities Services Special,2024,10,269.5491551724138,1.0916379310344828,116,2024-10-01,269.73374137931035,267.51256896551723,0.3816379310344828,0.5817816091954023,1.337744252873563,0.0,0.0,1073.0,0,0.0,0,0
Commodities Services Special,2024,11,268.9688103448276,1.4795689655172413,116,2024-11-01,269.5491551724138,265.3549655172414,1.0916379310344828,0.6133908045977012,1.1193965517241378,0.0,0.0,1073.0,0,0.0,0,0
Commodities Services Special,2024,12,269.19541379310346,1.0089655172413792,116,2024-12-01,268.9688103448276,263.9990344827586,1.4795689655172413,0.9842816091954023,0.9960919540229884,0.0,0.0,1073.0,0,0.0,0,0
Commodities Services Special,2025,1,270.77633668341707,1.2948275862068965,199,2025-01-01,269.19541379310346,265.5459095477387,1.0089655172413792,1.193390804597701,0.8875862068965518,,,,1,0.0,0,0
Commodities Services Special,2025,2,272.3806582914573,0.8091379310344827,199,2025-02-01,270.77633668341707,267.0839246231156,1.2948275862068965,1.2611206896551723,0.9372557471264368,,,,1,0.0,0,0
Commodities Services Special,2025,3,271.5825125628141,0.0061206896551723984,199,2025-03-01,272.3806582914573,268.47143216080406,0.8091379310344827,1.0376436781609197,1.010962643678161,,,,1,0.0,0,0
Commodities Services Special,2025,4,273.0732844827586,0.23568965517241383,116,2025-04-01,271.5825125628141,271.6865948275862,0.0061206896551723984,0.7033620689655172,0.9483764367816092,,,,1,0.0,0,0
Commodities Services Special,2025,5,273.1468017241379,0.6143965517241379,116,2025-05-01,273.0732844827586,271.61056896551725,0.23568965517241383,0.3503160919540231,0.8057183908045977,,,,1,0.0,0,0
Commodities Services Special,2025,6,274.09232758620686,0.9906896551724138,116,2025-06-01,273.1468017241379,270.53394827586203,0.6143965517241379,0.2854022988505748,0.6615229885057471,,,,1,0.0,0,0
Commodities Services Special,2025,7,274.2003620689655,1.196293103448276,116,2025-07-01,274.09232758620686,270.7689137931034,0.9906896551724138,0.6135919540229886,0.6584770114942529,,,,1,0.0,0,0
Commodities Services Special,2025,8,274.9653793103448,1.7374137931034481,116,2025-08-01,274.2003620689655,270.2945172413793,1.196293103448276,0.9337931034482759,0.6420545977011495,,,,1,0.0,0,0
Commodities Services Special,2025,9,276.25281896551724,2.30698275862069,116,2025-09-01,274.9653793103448,269.73374137931035,1.7374137931034481,1.308132183908046,0.7967672413793103,,,,1,0.0,0,0
Commodities Services Special,2025,10,,,116,2025-10-01,276.25281896551724,269.5491551724138,2.30698275862069,1.7468965517241382,1.1802442528735633,,,,1,0.0,1,1
Commodities Services Special,2025,11,275.3917155172414,2.3136206896551723,116,2025-11-01,,268.9688103448276,,2.0221982758620696,1.3691551724137931,,,,1,0.0,0,0
Commodities Services Special,2025,12,274.50133620689655,1.2621551724137932,116,2025-12-01,275.3917155172414,269.19541379310346,2.3136206896551723,2.3103017241379313,1.709,,,,1,0.0,0,0
Food,2022,1,242.85122090261282,,421,2022-01-01,,,,,,,,,1,,0,1
Food,2022,2,250.1839289099526,,422,2022-02-01,242.85122090261282,,,,,,,,1,,0,1
Food,2022,3,249.49360663507107,,422,2022-03-01,250.1839289099526,,,,,,,,1,,0,1
Food,2022,4,249.56377323420074,,269,2022-04-01,249.49360663507107,,,,,,,,1,,0,1
Food,2022,5,252.69004460966545,,269,2022-05-01,249.56377323420074,,,,,,,,1,,0,1
Food,2022,6,256.97817228464424,,267,2022-06-01,252.69004460966545,,,,,,,,1,,0,1
Food,2022,7,259.4282621722847,,267,2022-07-01,256.97817228464424,,,,,,,,1,,0,1
Food,2022,8,261.82119475655435,,267,2022-08-01,259.4282621722847,,,,,,,,1,,0,1
Food,2022,9,264.1478164794008,,267,2022-09-01,261.82119475655435,,,,,,,,1,,0,1
Food,2022,10,265.23679104477617,,268,2022-10-01,264.1478164794008,,,,,,,,1,,0,1
Food,2022,11,265.2702973977695,,269,2022-11-01,265.23679104477617,,,,,,,,1,,0,1
Food,2022,12,266.1620297397769,,269,2022-12-01,265.2702973977695,,,,,,,,1,,0,1
Food,2023,1,267.05459004739333,11.062247191011236,422,2023-01-01,266.1620297397769,242.85122090261282,,,,0.0,0.0,1950.0,0,,0,0
Food,2023,2,268.42890995260666,10.01494382022472,422,2023-02-01,267.05459004739333,250.1839289099526,11.062247191011236,11.062247191011236,11.062247191011236,0.0,0.0,1950.0,0,,0,0
Food,2023,3,267.35781990521326,8.314756554307117,422,2023-03-01,268.42890995260666,249.49360663507107,10.01494382022472,10.538595505617979,10.538595505617979,0.0,0.0,1950.0,0,,0,0
Food,2023,4,267.5480743494424,6.974232209737828,269,2023-04-01,267.35781990521326,249.56377323420074,8.314756554307117,9.797315855181024,9.797315855181024,0.0,0.0,1950.0,0,,0,0
Food,2023,5,268.3535724907063,8.101449814126394,269,2023-05-01,267.5480743494424,252.69004460966545,6.974232209737828,8.434644194756556,9.091544943820224,0.0,0.0,1950.0,0,,0,0
Food,2023,6,268.3638884758364,6.808104089219332,269,2023-06-01,268.3535724907063,256.97817228464424,8.101449814126394,7.796812859390446,8.893525917881458,0.0,0.0,1950.0,0,,0,0
Food,2023,7,269.87349438202244,3.9630711610486897,267,2023-07-01,268.3638884758364,259.4282621722847,6.808104089219332,7.29459537102785,8.545955613104438,0.0,0.0,1950.0,0,,0,0
Food,2023,8,269.8535353159851,5.306914498141264,269,2023-08-01,269.87349438202244,261.82119475655435,3.9630711610486897,6.290875021464806,7.36275960811068,0.0,0.0,1950.0,0,,0,0
Food,2023,9,270.1711598513011,4.71089219330855,269,2023-09-01,269.8535353159851,264.1478164794008,5.306914498141264,5.359363249469761,6.578088054430103,0.0,0.0,1950.0,0,,0,0
Food,2023,10,271.0011152416357,4.870520446096655,269,2023-10-01,270.1711598513011,265.23679104477617,4.71089219330855,4.660292617499501,5.977443994263676,0.0,0.0,1950.0,0,,0,0
Food,2023,11,270.33242007434944,1.882639405204461,269,2023-11-01,271.0011152416357,265.2702973977695,4.870520446096655,4.96277571251549,5.626825366990147,0.0,0.0,1950.0,0,,0,0
Food,2023,12,270.0814721189591,3.9021561338289965,269,2023-12-01,270.33242007434944,266.1620297397769,1.882639405204461,3.8213506815365554,4.590356965503158,0.0,0.0,1950.0,0,,0,0
Food,2024,1,270.57571327014216,1.2612267657992564,422,2024-01-01,270.0814721189591,267.05459004739333,3.9021561338289965,3.551771995043371,4.106032306271437,0.0,0.0,1911.0,0,0.0,0,0
Food,2024,2,271.7131232227488,1.3061338289962827,422,2024-02-01,270.57571327014216,268.42890995260666,1.2612267657992564,2.348674101610905,3.6557249070631967,0.0,0.0,1911.0,0,0.0,0,0
Food,2024,3,271.19814928909955,1.4468773234200742,422,2024-03-01,271.7131232227488,267.35781990521326,1.3061338289962827,2.1565055762081786,2.988928128872367,0.0,0.0,1911.0,0,0.0,0,0
Food,2024,4,271.6489330855018,1.4216728624535315,269,2024-04-01,271.19814928909955,267.5480743494424,1.4468773234200742,1.3380793060718712,2.444925650557621,0.0,0.0,1911.0,0,0.0,0,0
Food,2024,5,271.83383271375465,1.404200743494424,269,2024-05-01,271.6489330855018,268.3535724907063,1.4216728624535315,1.3915613382899628,1.8701177199504337,0.0,0.0,1911.0,0,0.0,0,0
Food,2024,6,272.3989553903346,1.3631970260223047,269,2024-06-01,271.83383271375465,268.3638884758364,1.404200743494424,1.4242503097893433,1.790377942998761,0.0,0.0,1911.0,0,0.0,0,0
Food,2024,7,273.2472342007435,1.4379553903345725,269,2024-07-01,272.3989553903346,269.87349438202244,1.3631970260223047,1.39635687732342,1.3672180916976455,0.0,0.0,1911.0,0,0.0,0,0
Food,2024,8,273.34840520446096,1.2879553903345724,269,2024-08-01,273.2472342007435,269.8535353159851,1.4379553903345725,1.4017843866171003,1.3966728624535316,0.0,0.0,1911.0,0,0.0,0,0
Food,2024,9,274.2927397769517,1.362007434944238,269,2024-09-01,273.34840520446096,270.1711598513011,1.2879553903345724,1.3630359355638166,1.39364312267658,0.0,0.0,1911.0,0,0.0,0,0
Food,2024,10,274.99439776951675,1.7209665427509293,269,2024-10-01,274.2927397769517,271.0011152416357,1.362007434944238,1.362639405204461,1.3794981412639407,0.0,0.0,1911.0,0,0.0,0,0
Food,2024,11,274.67275836431224,1.7118587360594797,269,2024-11-01,274.99439776951675,270.33242007434944,1.7209665427509293,1.4569764560099134,1.4293804213135068,0.0,0.0,1911.0,0,0.0,0,0
Food,2024,12,274.81765427509293,1.8861710037174721,269,2024-12-01,274.67275836431224,270.0814721189591,1.7118587360594797,1.598277571251549,1.4806567534076827,0.0,0.0,1911.0,0,0.0,0,0
Food,2025,1,276.279672985782,1.9170260223048325,422,2025-01-01,274.81765427509293,270.57571327014216,1.8861710037174721,1.7729987608426272,1.567819083023544,,,,1,0.0,0,0
Food,2025,2,278.1101587677725,2.0323048327137547,422,2025-02-01,276.279672985782,271.7131232227488,1.9170260223048325,1.8383519206939283,1.6476641883519207,,,,1,0.0,0,0
Food,2025,3,277.86631279620855,2.319182156133829,422,2025-03-01,278.1101587677725,271.19814928909955,2.0323048327137547,1.9451672862453533,1.7717224287484512,,,,1,0.0,0,0
Food,2025,4,277.2164460966543,1.9722676579925649,269,2025-04-01,277.86631279620855,271.6489330855018,2.319182156133829,2.0895043370508053,1.9312515489467161,,,,1,0.0,0,0
Food,2025,5,278.05353159851296,2.1438661710037175,269,2025-05-01,277.2164460966543,271.83383271375465,1.9722676579925649,2.107918215613383,1.9731350681536555,,,,1,0.0,0,0
Food,2025,6,279.83320599250936,2.2659550561797754,267,2025-06-01,278.05353159851296,272.3989553903346,2.1438661710037175,2.145105328376704,2.0451363073110285,,,,1,0.0,0,0
Food,2025,7,280.8066292134831,2.457865168539326,267,2025-07-01,279.83320599250936,273.2472342007435,2.2659550561797754,2.127362961725353,2.108433649388079,,,,1,0.0,0,0
Food,2025,8,282.53793258426964,2.7839325842696625,267,2025-08-01,280.8066292134831,273.34840520446096,2.457865168539326,2.289228798574273,2.198573507093828,,,,1,0.0,0,0
Food,2025,9,282.88710037174724,2.9165055762081784,269,2025-09-01,282.53793258426964,274.2927397769517,2.7839325842696625,2.5025842696629215,2.323844799019813,,,,1,0.0,0,0
Food,2025,10,,,269,2025-10-01,282.88710037174724,274.99439776951675,2.9165055762081784,2.7194344430057225,2.4233987023655374,,,,1,0.0,1,1
Food,2025,11,281.77952059925093,2.461760299625468,267,2025-11-01,,274.67275836431224,,2.8502190802389205,2.5136249112401323,,,,1,0.0,0,0
Food,2025,12,282.6110594795539,3.065278810408922,269,2025-12-01,281.77952059925093,274.81765427509293,2.461760299625468,2.689132937916823,2.5772037369644822,,,,1,0.0,0,0
Housing,2022,1,213.68002702702702,,185,2022-01-01,,,,,,,,,1,,0,1
Housing,2022,2,218.41684782608695,,184,2022-02-01,213.68002702702702,,,,,,,,1,,0,1
Housing,2022,3,219.5966847826087,,184,2022-03-01,218.41684782608695,,,,,,,,1,,0,1
Housing,2022,4,221.57615044247788,,113,2022-04-01,219.5966847826087,,,,,,,,1,,0,1
Housing,2022,5,226.74116814159294,,113,2022-05-01,221.57615044247788,,,,,,,,1,,0,1
Housing,2022,6,229.3296725663717,,113,2022-06-01,226.74116814159294,,,,,,,,1,,0,1
Housing,2022,7,227.74016216216216,,111,2022-07-01,229.3296725663717,,,,,,,,1,,0,1
Housing,2022,8,228.4939203539823,,113,2022-08-01,227.74016216216216,,,,,,,,1,,0,1
Housing,2022,9,229.19810810810813,,111,2022-09-01,228.4939203539823,,,,,,,,1,,0,1
Housing,2022,10,231.87212280701752,,114,2022-10-01,229.19810810810813,,,,,,,,1,,0,1
Housing,2022,11,230.6434642857143,,112,2022-11-01,231.87212280701752,,,,,,,,1,,0,1
Housing,2022,12,229.4064375,,112,2022-12-01,230.6434642857143,,,,,,,,1,,0,1
Housing,2023,1,230.4129679144385,7.903063063063063,187,2023-01-01,229.4064375,213.68002702702702,,,,0.0,0.0,1420.0,0,,0,0
Housing,2023,2,229.626679144385,5.947857142857143,187,2023-02-01,230.4129679144385,218.41684782608695,7.903063063063063,7.903063063063063,7.903063063063063,0.0,0.0,1420.0,0,,0,0
Housing,2023,3,229.3937925531915,4.535178571428571,188,2023-03-01,229.626679144385,219.5966847826087,5.947857142857143,6.925460102960103,6.925460102960103,0.0,0.0,1420.0,0,,0,0
Housing,2023,4,228.88126315789475,2.630357142857143,114,2023-04-01,229.3937925531915,221.57615044247788,4.535178571428571,6.128699592449593,6.128699592449593,0.0,0.0,1420.0,0,,0,0
Housing,2023,5,228.7005701754386,0.8839285714285714,114,2023-05-01,228.88126315789475,226.74116814159294,2.630357142857143,4.371130952380953,5.25411398005148,0.0,0.0,1420.0,0,,0,0
Housing,2023,6,228.67138596491228,0.9918750000000001,114,2023-06-01,228.7005701754386,229.3296725663717,0.8839285714285714,2.683154761904762,4.380076898326898,0.0,0.0,1420.0,0,,0,0
Housing,2023,7,230.3570350877193,0.5400892857142858,114,2023-07-01,228.67138596491228,227.74016216216216,0.9918750000000001,1.5020535714285714,3.815376581939082,0.0,0.0,1420.0,0,,0,0
Housing,2023,8,231.72900869565217,0.4360714285714286,115,2023-08-01,230.3570350877193,228.4939203539823,0.5400892857142858,0.8052976190476192,2.588214285714286,0.0,0.0,1420.0,0,,0,0
Housing,2023,9,233.46461946902656,0.6456756756756757,113,2023-09-01,231.72900869565217,229.19810810810813,0.4360714285714286,0.6560119047619049,1.6695833333333334,0.0,0.0,1420.0,0,,0,0
Housing,2023,10,231.35185964912282,0.29875,114,2023-10-01,233.46461946902656,231.87212280701752,0.6456756756756757,0.54061212998713,1.0213328507078507,0.0,0.0,1420.0,0,,0,0
Housing,2023,11,231.13634821428573,-0.28450450450450454,112,2023-11-01,231.35185964912282,230.6434642857143,0.29875,0.46016570141570146,0.6327316602316603,0.0,0.0,1420.0,0,,0,0
Housing,2023,12,230.4752072072072,0.8615315315315315,111,2023-12-01,231.13634821428573,229.4064375,-0.28450450450450454,0.2199737237237237,0.4379928142428142,0.0,0.0,1420.0,0,,0,0
Housing,2024,1,232.15367027027028,-0.6016216216216216,185,2024-01-01,230.4752072072072,230.4129679144385,0.8615315315315315,0.2919256756756757,0.41626890283140283,0.0,0.0,1415.0,0,0.0,0,0
Housing,2024,2,232.77217741935485,0.22858407079646015,186,2024-02-01,232.15367027027028,229.626679144385,-0.6016216216216216,-0.008198198198198189,0.22598375160875162,0.0,0.0,1415.0,0,0.0,0,0
Housing,2024,3,233.3187741935484,0.8007964601769911,186,2024-03-01,232.77217741935485,229.3937925531915,0.22858407079646015,0.16283132690212335,0.19140252531292354,0.0,0.0,1415.0,0,0.0,0,0
Housing,2024,4,233.80061403508773,0.9443362831858407,114,2024-04-01,233.3187741935484,228.88126315789475,0.8007964601769911,0.14258630311727657,0.21725598939647614,0.0,0.0,1415.0,0,0.0,0,0
Housing,2024,5,233.45109009009008,0.5643243243243242,111,2024-05-01,233.80061403508773,228.7005701754386,0.9443362831858407,0.657905604719764,0.3248537032607829,0.0,0.0,1415.0,0,0.0,0,0
Housing,2024,6,234.03665765765766,0.8954054054054054,111,2024-06-01,233.45109009009008,228.67138596491228,0.5643243243243242,0.7698190225623854,0.4663251747322544,0.0,0.0,1415.0,0,0.0,0,0
Housing,2024,7,236.1058761061947,0.7635714285714286,113,2024-07-01,234.03665765765766,230.3570350877193,0.8954054054054054,0.8013553376385234,0.47197082037790006,0.0,0.0,1415.0,0,0.0,0,0
Housing,2024,8,234.616375,0.17702702702702702,112,2024-08-01,236.1058761061947,231.72900869565217,0.7635714285714286,0.7411003861003861,0.6995029954100751,0.0,0.0,1415.0,0,0.0,0,0
Housing,2024,9,234.9477610619469,0.5611607142857142,113,2024-09-01,234.616375,233.46461946902656,0.17702702702702702,0.612001287001287,0.6909101547818363,0.0,0.0,1415.0,0,0.0,0,0
Housing,2024,10,234.91378070175438,0.9831858407079647,114,2024-10-01,234.9477610619469,231.35185964912282,0.5611607142857142,0.5005863899613899,0.6509708637999567,0.0,0.0,1415.0,0,0.0,0,0
Housing,2024,11,235.08729203539824,1.2242857142857144,113,2024-11-01,234.91378070175438,231.13634821428573,0.9831858407079647,0.5737911940069019,0.657445790053644,0.0,0.0,1415.0,0,0.0,0,0
Housing,2024,12,235.4787207207207,0.8175675675675675,111,2024-12-01,235.08729203539824,230.4752072072072,1.2242857142857144,0.922877423093131,0.767439355047209,0.0,0.0,1415.0,0,0.0,0,0
Housing,2025,1,237.2339010989011,0.9827927927927929,182,2025-01-01,235.4787207207207,232.15367027027028,0.8175675675675675,1.0083463741870822,0.7544663820742361,,,,1,0.0,0,0
Housing,2025,2,239.50579120879124,1.526126126126126,182,2025-02-01,237.2339010989011,232.77217741935485,0.9827927927927929,1.0082153582153583,0.7910032761111302,,,,1,0.0,0,0
Housing,2025,3,238.72515934065933,1.8192792792792793,182,2025-03-01,239.50579120879124,233.3187741935484,1.526126126126126,1.1088288288288288,1.01585312596098,,,,1,0.0,0,0
Housing,2025,4,239.56692792792794,2.007747747747748,111,2025-04-01,238.72515934065933,233.80061403508773,1.8192792792792793,1.4427327327327326,1.2255395534599076,,,,1,0.0,0,0
Housing,2025,5,241.20533928571427,2.386071428571429,112,2025-05-01,239.56692792792794,233.45109009009008,2.007747747747748,1.7843843843843843,1.3962998712998713,,,,1,0.0,0,0
Housing,2025,6,242.61318918918917,3.4134234234234233,111,2025-06-01,241.20533928571427,234.03665765765766,2.386071428571429,2.0710328185328186,1.5899308236808238,,,,1,0.0,0,0
Housing,2025,7,243.46620535714285,3.797678571428571,112,2025-07-01,242.61318918918917,236.1058761061947,3.4134234234234233,2.6024141999142003,2.022573466323466,,,,1,0.0,0,0
Housing,2025,8,243.13154954954953,3.3447747747747747,111,2025-08-01,243.46620535714285,234.616375,3.797678571428571,3.199057807807808,2.491721096096096,,,,1,0.0,0,0
Housing,2025,9,243.72874107142857,3.7800000000000002,112,2025-09-01,243.13154954954953,234.9477610619469,3.3447747747747747,3.51862558987559,2.794829204204204,,,,1,0.0,0,0
Housing,2025,10,,,115,2025-10-01,243.72874107142857,234.91378070175438,3.7800000000000002,3.640817782067782,3.121615990990991,,,,1,0.0,1,1
Housing,2025,11,244.26687272727273,3.3662727272727273,110,2025-11-01,,235.08729203539824,,3.5623873873873877,3.3443896396396395,,,,1,0.0,0,0
Housing,2025,12,244.0354054054054,3.582342342342342,111,2025-12-01,244.26687272727273,235.4787207207207,3.3662727272727273,3.5731363636363636,3.540429899379899,,,,1,0.0,0,0
Medical,2022,1,372.27417142857144,,70,2022-01-01,,,,,,,,,1,,0,1
Medical,2022,2,375.64527142857145,,70,2022-02-01,372.27417142857144,,,,,,,,1,,0,1
Medical,2022,3,375.21241428571426,,70,2022-03-01,375.64527142857145,,,,,,,,1,,0,1
Medical,2022,4,384.7713023255814,,43,2022-04-01,375.21241428571426,,,,,,,,1,,0,1
Medical,2022,5,385.7928372093023,,43,2022-05-01,384.7713023255814,,,,,,,,1,,0,1
Medical,2022,6,387.65769767441856,,43,2022-06-01,385.7928372093023,,,,,,,,1,,0,1
Medical,2022,7,389.22774418604655,,43,2022-07-01,387.65769767441856,,,,,,,,1,,0,1
Medical,2022,8,392.63256097560975,,41,2022-08-01,389.22774418604655,,,,,,,,1,,0,1
Medical,2022,9,392.95188372093025,,43,2022-09-01,392.63256097560975,,,,,,,,1,,0,1
Medical,2022,10,371.09110810810813,,37,2022-10-01,392.95188372093025,,,,,,,,1,,0,1
Medical,2022,11,391.1572790697674,,43,2022-11-01,371.09110810810813,,,,,,,,1,,0,1
Medical,2022,12,392.68023255813955,,43,2022-12-01,391.1572790697674,,,,,,,,1,,0,1
Medical,2023,1,383.86385714285717,3.091282051282051,70,2023-01-01,392.68023255813955,372.27417142857144,,,,0.0,0.0,256.0,0,,0,0
Medical,2023,2,385.4403142857143,2.7011904761904764,70,2023-02-01,383.86385714285717,375.64527142857145,3.091282051282051,3.091282051282051,3.091282051282051,0.0,0.0,256.0,0,,0,0
Medical,2023,3,384.69862857142857,2.54953488372093,70,2023-03-01,385.4403142857143,375.21241428571426,2.7011904761904764,2.896236263736264,2.896236263736264,0.0,0.0,256.0,0,,0,0
Medical,2023,4,394.856976744186,2.3769767441860465,43,2023-04-01,384.69862857142857,384.7713023255814,2.54953488372093,2.7806691370644856,2.7806691370644856,0.0,0.0,256.0,0,,0,0
Medical,2023,5,396.17420930232555,2.239767441860465,43,2023-05-01,394.856976744186,385.7928372093023,2.3769767441860465,2.5425673680324845,2.679746038844876,0.0,0.0,256.0,0,,0,0
Medical,2023,6,396.89760465116285,1.89046511627907,43,2023-06-01,396.17420930232555,387.65769767441856,2.239767441860465,2.3887596899224808,2.5917503194479936,0.0,0.0,256.0,0,,0,0
Medical,2023,7,397.1317209302326,1.692093023255814,43,2023-07-01,396.89760465116285,389.22774418604655,1.89046511627907,2.1690697674418606,2.474869452253173,0.0,0.0,256.0,0,,0,0
Medical,2023,8,399.0564186046511,1.7051162790697676,43,2023-08-01,397.1317209302326,392.63256097560975,1.692093023255814,1.9407751937984499,2.2416712809154666,0.0,0.0,256.0,0,,0,0
Medical,2023,9,400.29413953488375,1.7667441860465116,43,2023-09-01,399.0564186046511,392.95188372093025,1.7051162790697676,1.7625581395348837,2.0756589147286824,0.0,0.0,256.0,0,,0,0
Medical,2023,10,401.72704651162786,2.193953488372093,43,2023-10-01,400.29413953488375,371.09110810810813,1.7667441860465116,1.7213178294573643,1.9451937984496122,0.0,0.0,256.0,0,,0,0
Medical,2023,11,402.8590930232558,2.4683720930232558,43,2023-11-01,401.72704651162786,391.1572790697674,2.193953488372093,1.888604651162791,1.9146899224806202,0.0,0.0,256.0,0,,0,0
Medical,2023,12,404.2529302325581,3.338604651162791,43,2023-12-01,402.8590930232558,392.68023255813955,2.4683720930232558,2.143023255813954,1.9527906976744187,0.0,0.0,256.0,0,,0,0
Medical,2024,1,396.9746714285714,2.8906976744186044,70,2024-01-01,404.2529302325581,383.86385714285717,3.338604651162791,2.6669767441860466,2.1941472868217056,0.0,0.0,257.0,0,0.0,0,0
Medical,2024,2,398.33149999999995,2.927906976744186,70,2024-02-01,396.9746714285714,385.4403142857143,2.8906976744186044,2.89922480620155,2.3939147286821707,0.0,0.0,257.0,0,0.0,0,0
Medical,2024,3,399.01635714285715,3.3281395348837206,70,2024-03-01,398.33149999999995,384.69862857142857,2.927906976744186,3.052403100775194,2.5977131782945735,0.0,0.0,257.0,0,0.0,0,0
Medical,2024,4,410.96346511627905,3.411627906976744,43,2024-04-01,399.01635714285715,394.856976744186,3.3281395348837206,3.0489147286821705,2.8579457364341088,0.0,0.0,257.0,0,0.0,0,0
Medical,2024,5,413.15044186046515,3.689767441860465,43,2024-05-01,410.96346511627905,396.17420930232555,3.411627906976744,3.222558139534884,3.0608914728682173,0.0,0.0,257.0,0,0.0,0,0
Medical,2024,6,414.5342439024391,3.639268292682927,41,2024-06-01,413.15044186046515,396.89760465116285,3.689767441860465,3.4765116279069765,3.2644573643410855,0.0,0.0,257.0,0,0.0,0,0
Medical,2024,7,412.3047441860465,3.235116279069767,43,2024-07-01,414.5342439024391,397.1317209302326,3.639268292682927,3.5802212138400455,3.3145679712611074,0.0,0.0,257.0,0,0.0,0,0
Medical,2024,8,386.51508108108106,2.712972972972973,37,2024-08-01,412.3047441860465,399.0564186046511,3.235116279069767,3.5213840045377194,3.371971072036301,0.0,0.0,257.0,0,0.0,0,0
Medical,2024,9,413.7553488372093,3.2060465116279073,43,2024-09-01,386.51508108108106,400.29413953488375,2.712972972972973,3.1957858482418895,3.336148738074433,0.0,0.0,257.0,0,0.0,0,0
Medical,2024,10,420.9266428571429,2.8580952380952382,42,2024-10-01,413.7553488372093,401.72704651162786,3.2060465116279073,3.0513785878902158,3.3157999008651307,0.0,0.0,257.0,0,0.0,0,0
Medical,2024,11,415.69255813953487,2.8000000000000003,43,2024-11-01,420.9266428571429,402.8590930232558,2.8580952380952382,2.925704907565373,3.2235444560515467,0.0,0.0,257.0,0,0.0,0,0
Medical,2024,12,416.928756097561,3.148048780487805,41,2024-12-01,415.69255813953487,404.2529302325581,2.8000000000000003,2.954713916574382,3.0752498824081353,0.0,0.0,257.0,0,0.0,0,0
Medical,2025,1,407.8809857142857,2.695813953488372,70,2025-01-01,416.928756097561,396.9746714285714,3.148048780487805,2.9353813395276815,2.993379963708948,,,,1,0.0,0,0
Medical,2025,2,404.2629393939394,2.723953488372093,66,2025-02-01,407.8809857142857,398.33149999999995,2.695813953488372,2.8812875779920595,2.9034962427787163,,,,1,0.0,0,0
Medical,2025,3,404.03645454545455,2.4669767441860464,66,2025-03-01,404.2629393939394,399.01635714285715,2.723953488372093,2.8559387407827566,2.9053263286785693,,,,1,0.0,0,0
Medical,2025,4,428.42388095238096,2.2833333333333337,42,2025-04-01,404.03645454545455,410.96346511627905,2.4669767441860464,2.6289147286821706,2.782148034104926,,,,1,0.0,0,0
Medical,2025,5,423.9953255813953,2.2793023255813956,43,2025-05-01,428.42388095238096,413.15044186046515,2.2833333333333337,2.491421188630491,2.6863543833112753,,,,1,0.0,0,0
Medical,2025,6,426.3498048780488,2.4436585365853656,41,2025-06-01,423.9953255813953,414.5342439024391,2.2793023255813956,2.343204134366925,2.599571437574841,,,,1,0.0,0,0
Medical,2025,7,435.9829024390244,3.109512195121951,41,2025-07-01,426.3498048780488,412.3047441860465,2.4436585365853656,2.3354313985000315,2.482173063591101,,,,1,0.0,0,0
Medical,2025,8,436.8397948717949,2.9682051282051285,39,2025-08-01,435.9829024390244,386.51508108108106,3.109512195121951,2.610824352429571,2.551122770530031,,,,1,0.0,0,0
Medical,2025,9,436.9043658536585,3.118048780487805,41,2025-09-01,436.8397948717949,413.7553488372093,2.9682051282051285,2.8404586199708146,2.5918313771688704,,,,1,0.0,0,0
Medical,2025,10,,,43,2025-10-01,436.9043658536585,420.9266428571429,3.118048780487805,3.065255367938295,2.7003433832191632,,,,1,0.0,1,1
Medical,2025,11,439.2524871794872,2.937179487179487,39,2025-11-01,,415.69255813953487,,3.0431269543464667,2.783745393196329,,,,1,0.0,0,0
Medical,2025,12,441.3483076923077,3.7523076923076926,39,2025-12-01,439.2524871794872,416.928756097561,2.937179487179487,3.027614133833646,2.9153208255159475,,,,1,0.0,0,0
Transportation,2022,1,243.2,,148,2022-01-01,,,,,,,,,1,,0,1
Transportation,2022,2,245.62607382550337,,149,2022-02-01,243.2,,,,,,,,1,,0,1
Transportation,2022,3,256.8109324324324,,148,2022-03-01,245.62607382550337,,,,,,,,1,,0,1
Transportation,2022,4,261.7333176470588,,85,2022-04-01,256.8109324324324,,,,,,,,1,,0,1
Transportation,2022,5,271.4990352941177,,85,2022-05-01,261.7333176470588,,,,,,,,1,,0,1
Transportation,2022,6,279.9269540229885,,87,2022-06-01,271.4990352941177,,,,,,,,1,,0,1
Transportation,2022,7,271.0391379310345,,87,2022-07-01,279.9269540229885,,,,,,,,1,,0,1
Transportation,2022,8,261.7927294117647,,85,2022-08-01,271.0391379310345,,,,,,,,1,,0,1
Transportation,2022,9,254.20920689655173,,87,2022-09-01,261.7927294117647,,,,,,,,1,,0,1
Transportation,2022,10,257.9527586206896,,87,2022-10-01,254.20920689655173,,,,,,,,1,,0,1
Transportation,2022,11,255.06150574712643,,87,2022-11-01,257.9527586206896,,,,,,,,1,,0,1
Transportation,2022,12,244.16797701149426,,87,2022-12-01,255.06150574712643,,,,,,,,1,,0,1
Transportation,2023,1,248.40970068027212,3.366470588235294,147,2023-01-01,244.16797701149426,243.2,,,,0.0,0.0,1936.0,0,,0,0
Transportation,2023,2,253.06627586206898,-0.3637647058823527,145,2023-02-01,248.40970068027212,245.62607382550337,3.366470588235294,3.366470588235294,3.366470588235294,0.0,0.0,1936.0,0,,0,0
Transportation,2023,3,249.44392465753427,-2.276904761904762,146,2023-03-01,253.06627586206898,256.8109324324324,-0.3637647058823527,1.5013529411764706,1.5013529411764706,0.0,0.0,1936.0,0,,0,0
Transportation,2023,4,252.61414942528737,-2.8114117647058823,87,2023-04-01,249.44392465753427,261.7333176470588,-2.276904761904762,0.24193370681605972,0.24193370681605972,0.0,0.0,1936.0,0,,0,0
Transportation,2023,5,251.7242298850575,-5.458235294117647,87,2023-05-01,252.61414942528737,271.4990352941177,-2.8114117647058823,-1.817360410830999,-0.5214026610644258,0.0,0.0,1936.0,0,,0,0
Transportation,2023,6,252.24363218390803,-4.822470588235294,87,2023-06-01,251.7242298850575,279.9269540229885,-5.458235294117647,-3.5155172735760973,-1.50876918767507,0.0,0.0,1936.0,0,,0,0
Transportation,2023,7,252.4413908045977,-2.072,87,2023-07-01,252.24363218390803,271.0391379310345,-4.822470588235294,-4.364039215686275,-2.0610527544351074,0.0,0.0,1936.0,0,,0,0
Transportation,2023,8,258.8082068965517,1.599080459770115,87,2023-08-01,252.4413908045977,261.7927294117647,-2.072,-4.1175686274509795,-2.9674645191409894,0.0,0.0,1936.0,0,,0,0
Transportation,2023,9,260.02809195402295,0.9904597701149424,87,2023-09-01,258.8082068965517,254.20920689655173,1.599080459770115,-1.7651300428217265,-2.6403236581989113,0.0,0.0,1936.0,0,,0,0
Transportation,2023,10,259.57150588235294,0.12800000000000006,85,2023-10-01,260.02809195402295,257.9527586206896,0.9904597701149424,0.17251340996168574,-2.0957629028622944,0.0,0.0,1936.0,0,,0,0
Transportation,2023,11,253.67797647058825,1.2167058823529413,85,2023-11-01,259.57150588235294,255.06150574712643,0.12800000000000006,0.9058467432950191,-1.6058609420779806,0.0,0.0,1936.0,0,,0,0
Transportation,2023,12,249.22375294117649,-2.7288235294117644,85,2023-12-01,253.67797647058825,244.16797701149426,1.2167058823529413,0.7783885508226279,-0.49337074599954933,0.0,0.0,1936.0,0,,0,0
Transportation,2024,1,248.5253537414966,-1.3074712643678161,147,2024-01-01,249.22375294117649,248.40970068027212,-2.7288235294117644,-0.4613725490196077,-0.14442956952896102,0.0,0.0,1936.0,0,0.0,0,0
Transportation,2024,2,251.99210416666665,-0.6005882352941176,144,2024-02-01,248.5253537414966,253.06627586206898,-1.3074712643678161,-0.9398629704755465,-0.0170081135902637,0.0,0.0,1936.0,0,0.0,0,0
Transportation,2024,3,252.9333655172414,0.07418604651162793,145,2024-03-01,251.99210416666665,249.44392465753427,-0.6005882352941176,-1.5456276763578993,-0.3836195627676358,0.0,0.0,1936.0,0,0.0,0,0
Transportation,2024,4,261.5860352941176,0.9352941176470588,85,2024-04-01,252.9333655172414,252.61414942528737,0.07418604651162793,-0.6112911510501019,-0.536331850034855,0.0,0.0,1936.0,0,0.0,0,0
Transportation,2024,5,257.1032183908046,0.6962068965517242,87,2024-05-01,261.5860352941176,251.7242298850575,0.9352941176470588,0.13629730962152312,-0.40178283042701174,0.0,0.0,1936.0,0,0.0,0,0
Transportation,2024,6,256.7285529411765,-0.721529411764706,85,2024-06-01,257.1032183908046,252.24363218390803,0.6962068965517242,0.5685623535701371,-0.48853266139388124,0.0,0.0,1936.0,0,0.0,0,0
Transportation,2024,7,253.34941379310345,-1.7304597701149427,87,2024-07-01,256.7285529411765,252.4413908045977,-0.721529411764706,0.30332386747802575,-0.15398364178603816,0.0,0.0,1936.0,0,0.0,0,0
Transportation,2024,8,252.73035714285712,-2.975833333333333,84,2024-08-01,253.34941379310345,258.8082068965517,-1.7304597701149427,-0.5852607617759747,-0.2244817260772259,0.0,0.0,1936.0,0,0.0,0,0
Transportation,2024,9,249.01919540229883,-2.818735632183908,87,2024-09-01,252.73035714285712,260.02809195402295,-2.975833333333333,-1.8092741717376606,-0.6203559090837618,0.0,0.0,1936.0,0,0.0,0,0
Transportation,2024,10,251.5477882352941,-1.5525882352941176,85,2024-10-01,249.01919540229883,259.57150588235294,-2.818735632183908,-2.5083429118773943,-1.1025095221996846,0.0,0.0,1936.0,0,0.0,0,0
Transportation,2024,11,249.88608235294117,-0.38599999999999995,85,2024-11-01,251.5477882352941,253.67797647058825,-1.5525882352941176,-2.449052400270453,-1.5171565810232142,0.0,0.0,1936.0,0,0.0,0,0
Transportation,2024,12,250.18764705882353,-2.1298823529411766,85,2024-12-01,249.88608235294117,249.22375294117649,-0.38599999999999995,-1.5857746224926752,-1.697524397115168,0.0,0.0,1936.0,0,0.0,0,0
Transportation,2025,1,251.87911034482758,0.3750588235294117,145,2025-01-01,250.18764705882353,248.5253537414966,-2.1298823529411766,-1.3561568627450982,-1.9322498873112464,,,,1,0.0,0,0
Transportation,2025,2,253.10648226950357,-1.2223529411764706,141,2025-02-01,251.87911034482758,251.99210416666665,0.3750588235294117,-0.7136078431372549,-1.5813301217038538,,,,1,0.0,0,0
Transportation,2025,3,251.66274468085106,-3.0749411764705883,141,2025-03-01,253.10648226950357,252.9333655172414,-1.2223529411764706,-0.9923921568627453,-1.2890833896777103,,,,1,0.0,0,0
Transportation,2025,4,248.35520930232556,-2.4338372093023257,86,2025-04-01,251.66274468085106,261.5860352941176,-3.0749411764705883,-1.3074117647058825,-1.33178431372549,,,,1,0.0,0,0
Transportation,2025,5,250.03297701149424,-1.444712643678161,87,2025-05-01,248.35520930232556,257.1032183908046,-2.4338372093023257,-2.2437104423164613,-1.4786591427268583,,,,1,0.0,0,0
Transportation,2025,6,250.2406896551724,-1.0039080459770116,87,2025-06-01,250.03297701149424,256.7285529411765,-1.444712643678161,-2.317830343150358,-1.655111250006552,,,,1,0.0,0,0
Transportation,2025,7,250.47858620689655,-0.14448275862068968,87,2025-07-01,250.2406896551724,253.34941379310345,-1.0039080459770116,-1.6274859663191663,-1.4674488655125242,,,,1,0.0,0,0
Transportation,2025,8,249.4665465116279,0.896860465116279,86,2025-08-01,250.47858620689655,252.73035714285712,-0.14448275862068968,-0.8643678160919542,-1.5540391292042077,,,,1,0.0,0,0
Transportation,2025,9,253.13852873563218,1.5224137931034485,87,2025-09-01,249.4665465116279,249.01919540229883,0.896860465116279,-0.08384344649380755,-1.2008368948220827,,,,1,0.0,0,0
Transportation,2025,10,236.2220625,1.1075,87,2025-10-01,253.13852873563218,251.5477882352941,1.5224137931034485,0.758263833199679,-0.4346110665597435,,,,1,0.0,0,0
Transportation,2025,11,233.72244047619049,1.7308333333333334,84,2025-11-01,236.2220625,249.88608235294117,1.1075,1.1755914194065757,0.15561180165731084,,,,1,0.0,0,0
Transportation,2025,12,245.59130232558138,-1.521279069767442,86,2025-12-01,233.72244047619049,250.18764705882353,1.7308333333333334,1.453582375478927,0.6848694644925599,,,,1,0.0,0,0
