category,year,month,mean_value,mean_cpi_yoy,series_count,year_month,mean_value_lag1,mean_value_lag12,mean_cpi_yoy_lag1,mean_cpi_yoy_roll3,mean_cpi_yoy_roll6,avg_mfn_rate,median_mfn_rate,codes_with_tariffs,avg_mfn_rate_missing,avg_mfn_rate_lag1,mean_value_missing,mean_cpi_yoy_missing,mean_value_is_missing,series_count_is_missing,mean_value_lag1_is_missing,mean_cpi_yoy_lag1_is_missing,mean_cpi_yoy_roll3_is_missing,mean_cpi_yoy_roll6_is_missing,avg_mfn_rate_is_missing,median_mfn_rate_is_missing,codes_with_tariffs_is_missing,avg_mfn_rate_lag1_is_missing
All Items,2023,1,433.4588805970149,5.407073170731708,134,2023-01-01,406.7874838709678,411.3584626865672,2.2528612490201203,2.3010632183908046,2.444925650557621,0.0,0.0,1417.5,1,0.0,0,0,0,0,0,1,1,1,1,1,1,1
All Items,2023,2,438.5999424460432,4.522926829268292,139,2023-02-01,433.4588805970149,419.3362877697842,5.407073170731708,5.407073170731708,5.407073170731708,0.0,0.0,1417.5,1,0.0,0,0,0,0,0,0,0,0,1,1,1,1
All Items,2023,3,436.9576641791045,4.218536585365854,134,2023-03-01,438.5999424460432,418.55755970149255,4.522926829268292,4.965,4.965,0.0,0.0,1417.5,1,0.0,0,0,0,0,0,0,0,0,1,1,1,1
All Items,2023,4,415.8825161290322,3.618048780487805,62,2023-04-01,436.9576641791045,396.2367419354839,4.218536585365854,4.716178861788618,4.716178861788618,0.0,0.0,1417.5,1,0.0,0,0,0,0,0,0,0,0,1,1,1,1
All Items,2023,5,414.244543859649,2.522439024390244,57,2023-05-01,415.8825161290322,398.9750877192982,3.618048780487805,4.119837398373984,4.441646341463414,0.0,0.0,1417.5,1,0.0,0,0,0,0,0,0,0,0,1,1,1,1
All Items,2023,6,418.6019516129032,2.8790243902439023,62,2023-06-01,414.244543859649,406.6465967741936,2.522439024390244,3.453008130081301,4.05780487804878,0.0,0.0,1417.5,1,0.0,0,0,0,0,0,0,0,0,1,1,1,1
All Items,2023,7,416.1736140350877,3.07390243902439,57,2023-07-01,418.6019516129032,403.6945789473684,2.8790243902439023,3.0065040650406503,3.861341463414634,0.0,0.0,1417.5,1,0.0,0,0,0,0,0,0,0,0,1,1,1,1
All Items,2023,8,421.3564032258065,3.277073170731708,62,2023-08-01,416.1736140350877,406.0704838709677,3.07390243902439,2.825121951219512,3.472479674796748,0.0,0.0,1417.5,1,0.0,0,0,0,0,0,0,0,0,1,1,1,1
All Items,2023,9,419.63680701754384,3.169024390243903,57,2023-09-01,421.3564032258065,405.0737894736842,3.277073170731708,3.0766666666666667,3.264837398373984,0.0,0.0,1417.5,1,0.0,0,0,0,0,0,0,0,0,1,1,1,1
All Items,2023,10,421.8098387096774,3.284878048780488,62,2023-10-01,419.63680701754384,408.628435483871,3.169024390243903,3.1733333333333333,3.089918699186992,0.0,0.0,1417.5,1,0.0,0,0,0,0,0,0,0,0,1,1,1,1
All Items,2023,11,419.1511052631579,5.086140350877193,57,2023-11-01,421.8098387096774,405.4144035087719,3.284878048780488,3.243658536585366,3.0343902439024397,0.0,0.0,1417.5,1,0.0,0,0,0,0,0,0,0,0,1,1,1,1
All Items,2023,12,420.6759516129033,6.042258064516129,62,2023-12-01,419.1511052631579,406.7874838709678,5.086140350877193,3.8466809299671945,3.4616737983169306,0.0,0.0,1417.5,1,0.0,0,0,0,0,0,0,0,0,1,1,1,1
All Items,2024,1,447.8865671641791,3.499649122807017,134,2024-01-01,420.6759516129033,433.4588805970149,6.042258064516129,4.804425488057937,3.988879410695635,0.0,0.0,1417.5,1,0.0,0,0,0,0,0,0,0,0,1,1,1,1
All Items,2024,2,451.704309352518,3.4638709677419355,139,2024-02-01,447.8865671641791,438.5999424460432,3.499649122807017,4.87601584606678,4.059837191326073,0.0,0.0,1417.5,1,0.0,0,0,0,0,0,0,0,0,1,1,1,1
All Items,2024,3,451.3117985074627,3.768947368421053,134,2024-03-01,451.704309352518,436.9576641791045,3.4638709677419355,4.335259385021694,4.090970157494444,0.0,0.0,1417.5,1,0.0,0,0,0,0,0,0,0,0,1,1,1,1
All Items,2024,4,430.5574677419355,4.2343548387096765,62,2024-04-01,451.3117985074627,415.8825161290322,3.768947368421053,3.5774891529900024,4.19095732052397,0.0,0.0,1417.5,1,0.0,0,0,0,0,0,0,0,0,1,1,1,1
All Items,2024,5,428.761701754386,3.889298245614035,57,2024-05-01,430.5574677419355,414.244543859649,4.2343548387096765,3.822391058290888,4.349203452178834,0.0,0.0,1417.5,1,0.0,0,0,0,0,0,0,0,0,1,1,1,1
All Items,2024,6,431.930935483871,3.9493548387096777,62,2024-06-01,428.761701754386,418.6019516129032,3.889298245614035,3.964200150914922,4.149729767968307,0.0,0.0,1417.5,1,0.0,0,0,0,0,0,0,0,0,1,1,1,1
All Items,2024,7,429.9138421052632,3.676140350877193,57,2024-07-01,431.930935483871,416.1736140350877,3.9493548387096777,4.024335974344464,3.800912563667232,0.0,0.0,1417.5,1,0.0,0,0,0,0,0,0,0,0,1,1,1,1
All Items,2024,8,433.1405322580645,3.914193548387097,62,2024-08-01,429.9138421052632,421.3564032258065,3.676140350877193,3.8382644784003017,3.830327768345595,0.0,0.0,1417.5,1,0.0,0,0,0,0,0,0,0,0,1,1,1,1
All Items,2024,9,431.1298596491228,4.231228070175439,57,2024-09-01,433.1405322580645,419.63680701754384,3.914193548387097,3.846562912657989,3.905381531786456,0.0,0.0,1417.5,1,0.0,0,0,0,0,0,0,0,0,1,1,1,1
All Items,2024,10,433.6317741935485,4.800967741935485,62,2024-10-01,431.1298596491228,421.8098387096774,4.231228070175439,3.94052065647991,3.982428315412187,0.0,0.0,1417.5,1,0.0,0,0,0,0,0,0,0,0,1,1,1,1
All Items,2024,11,430.9908947368421,3.7194736842105263,57,2024-11-01,433.6317741935485,419.1511052631579,4.800967741935485,4.315463120166007,4.076863799283155,0.0,0.0,1417.5,1,0.0,0,0,0,0,0,0,0,0,1,1,1,1
All Items,2024,12,433.0293064516129,4.070967741935484,62,2024-12-01,430.9908947368421,420.6759516129033,3.7194736842105263,4.2505564987738165,4.048559705715903,0.0,0.0,1417.5,1,0.0,0,0,0,0,0,0,0,0,1,1,1,1
All Items,2025,1,460.7661268656717,3.3485964912280703,134,2025-01-01,433.0293064516129,447.8865671641791,4.070967741935484,4.197136389360498,4.068828522920204,0.0,0.0,1417.5,1,0.0,0,0,0,0,0,0,0,0,1,1,1,1
All Items,2025,2,463.9711870503597,2.9943548387096777,139,2025-02-01,460.7661268656717,451.704309352518,3.3485964912280703,3.7130126391246936,4.01423787964535,0.0,0.0,1417.5,1,0.0,0,0,0,0,0,0,0,0,1,1,1,1
All Items,2025,3,462.99412686567166,2.9933333333333336,134,2025-03-01,463.9711870503597,451.3117985074627,2.9943548387096777,3.4713063572910774,3.860931428032447,0.0,0.0,1417.5,1,0.0,0,0,0,0,0,0,0,0,1,1,1,1
All Items,2025,4,440.4847419354839,2.865,62,2025-04-01,462.99412686567166,430.5574677419355,2.9933333333333336,3.112094887757028,3.654615638558763,0.0,0.0,1417.5,1,0.0,0,0,0,0,0,0,0,0,1,1,1,1
All Items,2025,5,439.590350877193,3.012280701754386,57,2025-05-01,440.4847419354839,428.761701754386,2.865,2.9508960573476704,3.331954348236182,0.0,0.0,1417.5,1,0.0,0,0,0,0,0,0,0,0,1,1,1,1
All Items,2025,6,443.0490161290323,3.305,62,2025-06-01,439.590350877193,431.930935483871,3.012280701754386,2.95687134502924,3.214088851160158,0.0,0.0,1417.5,1,0.0,0,0,0,0,0,0,0,0,1,1,1,1
All Items,2025,7,441.2456140350877,3.2149122807017543,57,2025-07-01,443.0490161290323,429.9138421052632,3.305,3.060760233918129,3.0864275608375777,0.0,0.0,1417.5,1,0.0,0,0,0,0,0,0,0,0,1,1,1,1
All Items,2025,8,444.5165,3.5870967741935487,62,2025-08-01,441.2456140350877,433.1405322580645,3.2149122807017543,3.177397660818713,3.064146859083192,0.0,0.0,1417.5,1,0.0,0,0,0,0,0,0,0,0,1,1,1,1
All Items,2025,9,443.86229824561406,3.981578947368421,57,2025-09-01,444.5165,431.1298596491228,3.5870967741935487,3.3690030182984345,3.162937181663837,0.0,0.0,1417.5,1,0.0,0,0,0,0,0,0,0,0,1,1,1,1
All Items,2025,11,442.751701754386,3.268771929824561,57,2025-11-01,270.43318417510574,430.9908947368421,2.2528612490201203,3.784337860780985,3.4201737408036217,0.0,0.0,1417.5,1,0.0,0,0,0,0,1,1,0,0,1,1,1,1
All Items,2025,12,444.3669193548387,3.558225806451613,62,2025-12-01,442.751701754386,433.0293064516129,3.268771929824561,3.625175438596491,3.471471986417657,0.0,0.0,1417.5,1,0.0,0,0,0,0,0,0,0,0,1,1,1,1
All Other Services Goods,2023,1,282.8653578947368,6.009272727272728,95,2023-01-01,285.87658620689655,265.4361789473684,2.2528612490201203,2.3010632183908046,2.444925650557621,0.0,0.0,183.0,0,0.0,0,0,0,0,0,1,1,1,0,0,0,1
All Other Services Goods,2023,2,285.9142021276596,6.174821428571429,94,2023-02-01,282.8653578947368,270.11405263157894,6.009272727272728,6.009272727272728,6.009272727272728,0.0,0.0,183.0,0,0.0,0,0,0,0,0,0,0,0,0,0,0,1
All Other Services Goods,2023,3,285.6734361702128,6.282105263157894,94,2023-03-01,285.9142021276596,269.2942150537634,6.174821428571429,6.092047077922079,6.092047077922079,0.0,0.0,183.0,0,0.0,0,0,0,0,0,0,0,0,0,0,0,1
All Other Services Goods,2023,4,291.3341785714286,6.949107142857144,56,2023-04-01,285.6734361702128,275.4874107142857,6.282105263157894,6.155399806334017,6.155399806334017,0.0,0.0,183.0,0,0.0,0,0,0,0,0,0,0,0,0,0,0,1
All Other Services Goods,2023,5,297.2063103448276,6.8884482758620695,58,2023-05-01,291.3341785714286,276.466125,6.949107142857144,6.468677944862155,6.353826640464798,0.0,0.0,183.0,0,0.0,0,0,0,0,0,0,0,0,0,0,0,1
All Other Services Goods,2023,6,293.7707142857143,6.663392857142857,56,2023-06-01,297.2063103448276,273.657125,6.8884482758620695,6.706553560625703,6.460750967544253,0.0,0.0,183.0,0,0.0,0,0,0,0,0,0,0,0,0,0,0,1
All Other Services Goods,2023,7,298.08027586206896,5.747241379310345,58,2023-07-01,293.7707142857143,279.6755344827586,6.663392857142857,6.833649425287358,6.494524615810687,0.0,0.0,183.0,0,0.0,0,0,0,0,0,0,0,0,0,0,0,1
All Other Services Goods,2023,8,293.48357142857145,4.887857142857143,56,2023-08-01,298.08027586206896,281.2569482758621,5.747241379310345,6.43302750410509,6.450852724483622,0.0,0.0,183.0,0,0.0,0,0,0,0,0,0,0,0,0,0,0,1
All Other Services Goods,2023,9,300.0815892857143,5.445535714285714,56,2023-09-01,293.48357142857145,282.3407413793104,4.887857142857143,5.766163793103448,6.236358676864575,0.0,0.0,183.0,0,0.0,0,0,0,0,0,0,0,0,0,0,0,1
All Other Services Goods,2023,10,298.0061785714286,5.451964285714285,56,2023-10-01,300.0815892857143,283.6116896551724,5.445535714285714,5.360211412151067,6.096930418719212,0.0,0.0,183.0,0,0.0,0,0,0,0,0,0,0,0,0,0,0,1
All Other Services Goods,2023,11,299.2443214285714,5.101607142857143,56,2023-11-01,298.0061785714286,285.9834482758621,5.451964285714285,5.261785714285714,5.847406609195403,0.0,0.0,183.0,0,0.0,0,0,0,0,0,0,0,0,0,0,0,1
All Other Services Goods,2023,12,298.8801666666667,6.8190740740740745,54,2023-12-01,299.2443214285714,285.87658620689655,5.101607142857143,5.333035714285714,5.54959975369458,0.0,0.0,183.0,0,0.0,0,0,0,0,0,0,0,0,0,0,0,1
All Other Services Goods,2024,1,295.26476086956524,4.715714285714285,92,2024-01-01,298.8801666666667,282.8653578947368,6.8190740740740745,5.790881834215167,5.575546623183118,0.0,0.0,183.0,0,0.0,0,0,0,0,0,0,0,0,0,0,0,0
All Other Services Goods,2024,2,298.18375,4.618214285714286,92,2024-02-01,295.26476086956524,285.9142021276596,4.715714285714285,5.5454651675485005,5.403625440917107,0.0,0.0,183.0,0,0.0,0,0,0,0,0,0,0,0,0,0,0,0
All Other Services Goods,2024,3,300.78762765957447,4.207931034482758,94,2024-03-01,298.18375,285.6734361702128,4.618214285714286,5.384334215167549,5.358684964726631,0.0,0.0,183.0,0,0.0,0,0,0,0,0,0,0,0,0,0,0,0
All Other Services Goods,2024,4,305.9598035714285,4.088928571428571,56,2024-04-01,300.78762765957447,291.3341785714286,4.207931034482758,4.513953201970444,5.152417518092805,0.0,0.0,183.0,0,0.0,0,0,0,0,0,0,0,0,0,0,0,0
All Other Services Goods,2024,5,307.3076607142857,3.8042857142857134,56,2024-05-01,305.9598035714285,297.2063103448276,4.088928571428571,4.305024630541872,4.925244899045186,0.0,0.0,183.0,0,0.0,0,0,0,0,0,0,0,0,0,0,0,0
All Other Services Goods,2024,6,307.9913571428571,3.783035714285714,56,2024-06-01,307.3076607142857,293.7707142857143,3.8042857142857134,4.033715106732348,4.709024660949948,0.0,0.0,183.0,0,0.0,0,0,0,0,0,0,0,0,0,0,0,0
All Other Services Goods,2024,7,308.59673214285715,4.080535714285714,56,2024-07-01,307.9913571428571,298.08027586206896,3.783035714285714,3.892083333333333,4.203018267651888,0.0,0.0,183.0,0,0.0,0,0,0,0,0,0,0,0,0,0,0,0
All Other Services Goods,2024,8,309.4275357142857,3.810357142857143,56,2024-08-01,308.59673214285715,293.48357142857145,4.080535714285714,3.889285714285714,4.097155172413793,0.0,0.0,183.0,0,0.0,0,0,0,0,0,0,0,0,0,0,0,0
All Other Services Goods,2024,9,315.70993103448274,3.780344827586207,58,2024-09-01,309.4275357142857,300.0815892857143,3.810357142857143,3.891309523809524,3.962512315270936,0.0,0.0,183.0,0,0.0,0,0,0,0,0,0,0,0,0,0,0,0
All Other Services Goods,2024,10,310.9609074074074,3.2988888888888885,54,2024-10-01,315.70993103448274,298.0061785714286,3.780344827586207,3.8904125615763543,3.8912479474548434,0.0,0.0,183.0,0,0.0,0,0,0,0,0,0,0,0,0,0,0,0
All Other Services Goods,2024,11,313.39289285714284,3.5085714285714285,56,2024-11-01,310.9609074074074,299.2443214285714,3.2988888888888885,3.629863619777412,3.759574667031564,0.0,0.0,183.0,0,0.0,0,0,0,0,0,0,0,0,0,0,0,0
All Other Services Goods,2024,12,311.56746296296296,4.156111111111112,54,2024-12-01,313.39289285714284,298.8801666666667,3.5085714285714285,3.5292683816821744,3.710288952745849,0.0,0.0,183.0,0,0.0,0,0,0,0,0,0,0,0,0,0,0,0
All Other Services Goods,2025,1,305.65653260869567,2.121785714285714,92,2025-01-01,311.56746296296296,295.26476086956524,4.156111111111112,3.654523809523809,3.7724681855500815,0.0,0.0,1417.5,1,0.0,0,0,0,0,0,0,0,0,1,1,1,0
All Other Services Goods,2025,2,310.2519891304348,3.0303571428571425,92,2025-02-01,305.65653260869567,298.18375,2.121785714285714,3.2621560846560853,3.446009852216749,0.0,0.0,1417.5,1,0.0,0,0,0,0,0,0,0,0,1,1,1,0
All Other Services Goods,2025,3,311.53623913043475,3.810535714285714,92,2025-03-01,310.2519891304348,300.78762765957447,3.0303571428571425,3.1027513227513226,3.3160098522167485,0.0,0.0,1417.5,1,0.0,0,0,0,0,0,0,0,0,1,1,1,0
All Other Services Goods,2025,4,319.38475,3.429464285714286,56,2025-04-01,311.53623913043475,305.9598035714285,3.810535714285714,2.9875595238095234,3.3210416666666664,0.0,0.0,1417.5,1,0.0,0,0,0,0,0,0,0,0,1,1,1,0
All Other Services Goods,2025,5,319.38939285714287,3.009642857142857,56,2025-05-01,319.38475,307.3076607142857,3.429464285714286,3.4234523809523805,3.3428042328042324,0.0,0.0,1417.5,1,0.0,0,0,0,0,0,0,0,0,1,1,1,0
All Other Services Goods,2025,6,320.4682321428572,2.972857142857143,56,2025-06-01,319.38939285714287,307.9913571428571,3.009642857142857,3.4165476190476185,3.2596494708994705,0.0,0.0,1417.5,1,0.0,0,0,0,0,0,0,0,0,1,1,1,0
All Other Services Goods,2025,7,322.4955892857143,3.4644642857142856,56,2025-07-01,320.4682321428572,308.59673214285715,2.972857142857143,3.1373214285714286,3.062440476190476,0.0,0.0,1417.5,1,0.0,0,0,0,0,0,0,0,0,1,1,1,0
All Other Services Goods,2025,8,322.9430535714286,3.142857142857143,56,2025-08-01,322.4955892857143,309.4275357142857,3.4644642857142856,3.1489880952380958,3.286220238095238,0.0,0.0,1417.5,1,0.0,0,0,0,0,0,0,0,0,1,1,1,0
All Other Services Goods,2025,9,324.1793571428572,3.216964285714286,56,2025-09-01,322.9430535714286,315.70993103448274,3.142857142857143,3.1933928571428574,3.304970238095238,0.0,0.0,1417.5,1,0.0,0,0,0,0,0,0,0,0,1,1,1,0
All Other Services Goods,2025,11,333.5212264150944,4.106981132075472,53,2025-11-01,270.43318417510574,313.39289285714284,2.2528612490201203,3.1799107142857146,3.1613571428571428,0.0,0.0,1417.5,1,0.0,0,0,0,0,1,1,0,0,1,1,1,0
All Other Services Goods,2025,12,327.596875,4.65125,56,2025-12-01,333.5212264150944,311.56746296296296,4.106981132075472,3.661972708894879,3.3808247978436663,0.0,0.0,1417.5,1,0.0,0,0,0,0,0,0,0,0,1,1,1,0
Apparel,2023,1,127.53768421052632,1.3969999999999998,76,2023-01-01,124.66708,123.79090789473685,2.2528612490201203,2.3010632183908046,2.444925650557621,0.0,0.0,1586.0,0,0.0,0,0,0,0,0,1,1,1,0,0,0,1
Apparel,2023,2,128.5580657894737,2.82,76,2023-02-01,127.53768421052632,124.87705263157892,1.3969999999999998,1.3969999999999998,1.3969999999999998,0.0,0.0,1586.0,0,0.0,0,0,0,0,0,0,0,0,0,0,0,1
Apparel,2023,3,129.15413157894736,3.9396,76,2023-03-01,128.5580657894737,125.25111842105262,2.82,2.1085,2.1085,0.0,0.0,1586.0,0,0.0,0,0,0,0,0,0,0,0,0,0,0,1
Apparel,2023,4,129.27606,3.6296,50,2023-04-01,129.15413157894736,124.5883,3.9396,2.7188666666666665,2.7188666666666665,0.0,0.0,1586.0,0,0.0,0,0,0,0,0,0,0,0,0,0,0,1
Apparel,2023,5,129.4501,3.6756,50,2023-05-01,129.27606,124.96638000000002,3.6296,3.4630666666666663,2.94655,0.0,0.0,1586.0,0,0.0,0,0,0,0,0,0,0,0,0,0,0,1
Apparel,2023,6,129.13495999999998,3.6562,50,2023-06-01,129.4501,125.2967,3.6756,3.7482666666666673,3.09236,0.0,0.0,1586.0,0,0.0,0,0,0,0,0,0,0,0,0,0,0,1
Apparel,2023,7,128.6887,2.4046000000000003,50,2023-07-01,129.13495999999998,124.5904,3.6562,3.6538,3.1863333333333337,0.0,0.0,1586.0,0,0.0,0,0,0,0,0,0,0,0,0,0,0,1
Apparel,2023,8,129.635,2.1098,50,2023-08-01,128.6887,125.61034,2.4046000000000003,3.2454666666666667,3.354266666666667,0.0,0.0,1586.0,0,0.0,0,0,0,0,0,0,0,0,0,0,0,1
Apparel,2023,9,129.65248,2.7398,50,2023-09-01,129.635,126.90456,2.1098,2.7235333333333336,3.2359000000000004,0.0,0.0,1586.0,0,0.0,0,0,0,0,0,0,0,0,0,0,0,1
Apparel,2023,10,129.6497,3.8562,50,2023-10-01,129.65248,126.18486,2.7398,2.418066666666667,3.035933333333334,0.0,0.0,1586.0,0,0.0,0,0,0,0,0,0,0,0,0,0,0,1
Apparel,2023,11,126.90738,2.1216,50,2023-11-01,129.6497,125.19912,3.8562,2.901933333333333,3.0737,0.0,0.0,1586.0,0,0.0,0,0,0,0,0,0,0,0,0,0,0,1
Apparel,2023,12,125.93888,-0.105,50,2023-12-01,126.90738,124.66708,2.1216,2.905866666666667,2.8147,0.0,0.0,1586.0,0,0.0,0,0,0,0,0,0,0,0,0,0,0,1
Apparel,2024,1,127.79365789473684,-1.5188,76,2024-01-01,125.93888,127.53768421052632,-0.105,1.9576,2.1878333333333333,0.0,0.0,1580.0,0,0.0,0,0,0,0,0,0,0,0,0,0,0,0
Apparel,2024,2,128.84781578947369,-0.3571999999999999,76,2024-02-01,127.79365789473684,128.5580657894737,-1.5188,0.1659333333333333,1.5339333333333334,0.0,0.0,1580.0,0,0.0,0,0,0,0,0,0,0,0,0,0,0,0
Apparel,2024,3,129.69356578947367,0.8508,76,2024-03-01,128.84781578947369,129.15413157894736,-0.3571999999999999,-0.6603333333333333,1.1227666666666667,0.0,0.0,1580.0,0,0.0,0,0,0,0,0,0,0,0,0,0,0,0
Apparel,2024,4,130.45690000000002,1.0382,50,2024-04-01,129.69356578947367,129.27606,0.8508,-0.3417333333333333,0.8079333333333333,0.0,0.0,1580.0,0,0.0,0,0,0,0,0,0,0,0,0,0,0,0
Apparel,2024,5,129.82872,0.708,50,2024-05-01,130.45690000000002,129.4501,1.0382,0.5106,0.3382666666666667,0.0,0.0,1580.0,0,0.0,0,0,0,0,0,0,0,0,0,0,0,0
Apparel,2024,6,129.83808,1.0144,50,2024-06-01,129.82872,129.13495999999998,0.708,0.8656666666666667,0.1026666666666666,0.0,0.0,1580.0,0,0.0,0,0,0,0,0,0,0,0,0,0,0,0
Apparel,2024,7,128.5654,-0.9618,50,2024-07-01,129.83808,128.6887,1.0144,0.9202,0.2892333333333333,0.0,0.0,1580.0,0,0.0,0,0,0,0,0,0,0,0,0,0,0,0
Apparel,2024,8,129.12538,-1.0112,50,2024-08-01,128.5654,129.635,-0.9618,0.2535333333333333,0.3820666666666667,0.0,0.0,1580.0,0,0.0,0,0,0,0,0,0,0,0,0,0,0,0
Apparel,2024,9,131.70376,1.6674,50,2024-09-01,129.12538,129.65248,-1.0112,-0.3195333333333333,0.2730666666666667,0.0,0.0,1580.0,0,0.0,0,0,0,0,0,0,0,0,0,0,0,0
Apparel,2024,10,130.39594,2.156,50,2024-10-01,131.70376,129.6497,1.6674,-0.1018666666666666,0.4091666666666667,0.0,0.0,1580.0,0,0.0,0,0,0,0,0,0,0,0,0,0,0,0
Apparel,2024,11,128.86804,2.2194,50,2024-11-01,130.39594,126.90738,2.156,0.9374,0.5954666666666667,0.0,0.0,1580.0,0,0.0,0,0,0,0,0,0,0,0,0,0,0,0
Apparel,2024,12,128.01986,-0.483,50,2024-12-01,128.86804,125.93888,2.2194,2.0142666666666664,0.8473666666666667,0.0,0.0,1580.0,0,0.0,0,0,0,0,0,0,0,0,0,0,0,0
Apparel,2025,1,128.3561052631579,-0.935,76,2025-01-01,128.01986,127.79365789473684,-0.483,1.2974666666666663,0.5978000000000001,0.0,0.0,1417.5,1,0.0,0,0,0,0,0,0,0,0,1,1,1,0
Apparel,2025,2,129.95276315789474,0.2482,76,2025-02-01,128.3561052631579,128.84781578947369,-0.935,0.2671333333333331,0.6022666666666667,0.0,0.0,1417.5,1,0.0,0,0,0,0,0,0,0,0,1,1,1,0
Apparel,2025,3,130.6729342105263,0.858,76,2025-03-01,129.95276315789474,129.69356578947367,0.2482,-0.3899333333333335,0.8121666666666667,0.0,0.0,1417.5,1,0.0,0,0,0,0,0,0,0,0,1,1,1,0
Apparel,2025,4,130.248,0.1128,50,2025-04-01,130.6729342105263,130.45690000000002,0.858,0.0570666666666664,0.6772666666666667,0.0,0.0,1417.5,1,0.0,0,0,0,0,0,0,0,0,1,1,1,0
Apparel,2025,5,129.20141999999998,-0.2634,50,2025-05-01,130.248,129.82872,0.1128,0.4063333333333331,0.3367333333333334,0.0,0.0,1417.5,1,0.0,0,0,0,0,0,0,0,0,1,1,1,0
Apparel,2025,6,129.33824,0.5808,50,2025-06-01,129.20141999999998,129.83808,-0.2634,0.2357999999999998,-0.0770666666666666,0.0,0.0,1417.5,1,0.0,0,0,0,0,0,0,0,0,1,1,1,0
Apparel,2025,7,128.7815,-0.551,50,2025-07-01,129.33824,128.5654,0.5808,0.1433999999999998,0.1002333333333334,0.0,0.0,1417.5,1,0.0,0,0,0,0,0,0,0,0,1,1,1,0
Apparel,2025,8,131.03396,-0.313,50,2025-08-01,128.7815,129.12538,-0.551,-0.0778666666666668,0.1642333333333334,0.0,0.0,1417.5,1,0.0,0,0,0,0,0,0,0,0,1,1,1,0
Apparel,2025,9,133.0208,1.6962000000000002,50,2025-09-01,131.03396,131.70376,-0.313,-0.0944000000000001,0.0707,0.0,0.0,1417.5,1,0.0,0,0,0,0,0,0,0,0,1,1,1,0
Apparel,2025,11,130.2063,1.594,50,2025-11-01,270.43318417510574,128.86804,2.2528612490201203,0.6915999999999998,0.2299200000000001,0.0,0.0,1417.5,1,0.0,0,0,0,0,1,1,0,0,1,1,1,0
Apparel,2025,12,129.55466,-0.6043999999999999,50,2025-12-01,130.2063,128.01986,1.594,1.6450999999999998,0.6014000000000002,0.0,0.0,1417.5,1,0.0,0,0,0,0,0,0,0,0,1,1,1,0
Commodities Services Special,2023,1,259.9282010050252,4.435431034482758,199,2023-01-01,257.38092241379314,248.91602512562807,2.2528612490201203,2.3010632183908046,2.444925650557621,0.0,0.0,1074.0,0,0.0,0,0,0,0,0,1,1,1,0,0,0,1
Commodities Services Special,2023,2,262.355959798995,2.5191379310344826,199,2023-02-01,259.9282010050252,252.7774522613065,4.435431034482758,4.435431034482758,4.435431034482758,0.0,0.0,1074.0,0,0.0,0,0,0,0,0,0,0,0,0,0,0,1
Commodities Services Special,2023,3,261.76524120603017,1.7952586206896552,199,2023-03-01,262.355959798995,256.35162311557787,2.5191379310344826,3.4772844827586207,3.4772844827586207,0.0,0.0,1074.0,0,0.0,0,0,0,0,0,0,0,0,0,0,0,1
Commodities Services Special,2023,4,263.71915517241376,1.2274137931034483,116,2023-04-01,261.76524120603017,257.1559827586207,1.7952586206896552,2.9166091954022986,2.9166091954022986,0.0,0.0,1074.0,0,0.0,0,0,0,0,0,0,0,0,0,0,0,1
Commodities Services Special,2023,5,263.5942068965517,-0.6157758620689656,116,2023-05-01,263.71915517241376,261.9887586206897,1.2274137931034483,1.8472701149425288,2.494310344827586,0.0,0.0,1074.0,0,0.0,0,0,0,0,0,0,0,0,0,0,0,1
Commodities Services Special,2023,6,264.38943103448275,-0.2736206896551724,116,2023-06-01,263.5942068965517,268.43577586206897,-0.6157758620689656,0.8022988505747127,1.872293103448276,0.0,0.0,1074.0,0,0.0,0,0,0,0,0,0,0,0,0,0,0,1
Commodities Services Special,2023,7,264.75302586206897,0.9532758620689656,116,2023-07-01,264.38943103448275,265.14791379310344,-0.2736206896551724,0.1126724137931034,1.5146408045977011,0.0,0.0,1074.0,0,0.0,0,0,0,0,0,0,0,0,0,0,0,1
Commodities Services Special,2023,8,267.64116379310343,2.487931034482759,116,2023-08-01,264.75302586206897,261.1199224137931,0.9532758620689656,0.0212931034482758,0.9342816091954024,0.0,0.0,1074.0,0,0.0,0,0,0,0,0,0,0,0,0,0,0,1
Commodities Services Special,2023,9,268.84236206896554,2.3438793103448274,116,2023-09-01,267.64116379310343,260.33289655172416,2.487931034482759,1.0558620689655174,0.9290804597701148,0.0,0.0,1074.0,0,0.0,0,0,0,0,0,0,0,0,0,0,0,1
Commodities Services Special,2023,10,267.51256896551723,2.0713793103448275,116,2023-10-01,268.84236206896554,262.3347327586207,2.3438793103448274,1.928362068965517,1.0205172413793104,0.0,0.0,1074.0,0,0.0,0,0,0,0,0,0,0,0,0,0,0,1
Commodities Services Special,2023,11,265.3549655172414,2.483793103448276,116,2023-11-01,267.51256896551723,261.38914655172414,2.0713793103448275,2.3010632183908046,1.1611781609195402,0.0,0.0,1074.0,0,0.0,0,0,0,0,0,0,0,0,0,0,0,1
Commodities Services Special,2023,12,263.9990344827586,1.4995689655172413,116,2023-12-01,265.3549655172414,257.38092241379314,2.483793103448276,2.299683908045977,1.6777729885057473,0.0,0.0,1074.0,0,0.0,0,0,0,0,0,0,0,0,0,0,0,1
Commodities Services Special,2024,1,265.5459095477387,0.9704310344827586,199,2024-01-01,263.9990344827586,259.9282010050252,1.4995689655172413,2.0182471264367816,1.9733045977011492,0.0,0.0,1073.0,0,0.0,0,0,0,0,0,0,0,0,0,0,0,0
Commodities Services Special,2024,2,267.0839246231156,1.521551724137931,199,2024-02-01,265.5459095477387,262.355959798995,0.9704310344827586,1.651264367816092,1.9761637931034484,0.0,0.0,1073.0,0,0.0,0,0,0,0,0,0,0,0,0,0,0,0
Commodities Services Special,2024,3,268.47143216080406,1.8845689655172413,199,2024-03-01,267.0839246231156,261.76524120603017,1.521551724137931,1.33051724137931,1.815100574712644,0.0,0.0,1073.0,0,0.0,0,0,0,0,0,0,0,0,0,0,0,0
Commodities Services Special,2024,4,271.6865948275862,2.401724137931035,116,2024-04-01,268.47143216080406,263.71915517241376,1.8845689655172413,1.4588505747126437,1.7385488505747126,0.0,0.0,1073.0,0,0.0,0,0,0,0,0,0,0,0,0,0,0,0
Commodities Services Special,2024,5,271.61056896551725,2.2193965517241376,116,2024-05-01,271.6865948275862,263.5942068965517,2.401724137931035,1.935948275862069,1.7936063218390803,0.0,0.0,1073.0,0,0.0,0,0,0,0,0,0,0,0,0,0,0,0
Commodities Services Special,2024,6,270.53394827586203,1.66,116,2024-06-01,271.61056896551725,264.38943103448275,2.2193965517241376,2.168563218390805,1.7495402298850573,0.0,0.0,1073.0,0,0.0,0,0,0,0,0,0,0,0,0,0,0,0
Commodities Services Special,2024,7,270.7689137931034,0.996810344827586,116,2024-07-01,270.53394827586203,264.75302586206897,1.66,2.093706896551724,1.776278735632184,0.0,0.0,1073.0,0,0.0,0,0,0,0,0,0,0,0,0,0,0,0
Commodities Services Special,2024,8,270.2945172413793,0.3668965517241379,116,2024-08-01,270.7689137931034,267.64116379310343,0.996810344827586,1.6254022988505743,1.7806752873563216,0.0,0.0,1073.0,0,0.0,0,0,0,0,0,0,0,0,0,0,0,0
Commodities Services Special,2024,9,269.73374137931035,0.3816379310344828,116,2024-09-01,270.2945172413793,268.84236206896554,0.3668965517241379,1.0079022988505748,1.5882327586206897,0.0,0.0,1073.0,0,0.0,0,0,0,0,0,0,0,0,0,0,0,0
Commodities Services Special,2024,10,269.5491551724138,1.0916379310344828,116,2024-10-01,269.73374137931035,267.51256896551723,0.3816379310344828,0.5817816091954023,1.337744252873563,0.0,0.0,1073.0,0,0.0,0,0,0,0,0,0,0,0,0,0,0,0
Commodities Services Special,2024,11,268.9688103448276,1.4795689655172413,116,2024-11-01,269.5491551724138,265.3549655172414,1.0916379310344828,0.6133908045977012,1.1193965517241378,0.0,0.0,1073.0,0,0.0,0,0,0,0,0,0,0,0,0,0,0,0
Commodities Services Special,2024,12,269.19541379310346,1.0089655172413792,116,2024-12-01,268.9688103448276,263.9990344827586,1.4795689655172413,0.9842816091954024,0.9960919540229884,0.0,0.0,1073.0,0,0.0,0,0,0,0,0,0,0,0,0,0,0,0
Commodities Services Special,2025,1,270.77633668341707,1.2948275862068963,199,2025-01-01,269.19541379310346,265.5459095477387,1.0089655172413792,1.193390804597701,0.8875862068965518,0.0,0.0,1417.5,1,0.0,0,0,0,0,0,0,0,0,1,1,1,0
Commodities Services Special,2025,2,272.3806582914573,0.8091379310344827,199,2025-02-01,270.77633668341707,267.0839246231156,1.2948275862068963,1.2611206896551723,0.9372557471264368,0.0,0.0,1417.5,1,0.0,0,0,0,0,0,0,0,0,1,1,1,0
Commodities Services Special,2025,3,271.5825125628141,0.0061206896551723,199,2025-03-01,272.3806582914573,268.47143216080406,0.8091379310344827,1.0376436781609195,1.010962643678161,0.0,0.0,1417.5,1,0.0,0,0,0,0,0,0,0,0,1,1,1,0
Commodities Services Special,2025,4,273.0732844827586,0.2356896551724138,116,2025-04-01,271.5825125628141,271.6865948275862,0.0061206896551723,0.7033620689655172,0.9483764367816092,0.0,0.0,1417.5,1,0.0,0,0,0,0,0,0,0,0,1,1,1,0
Commodities Services Special,2025,5,273.1468017241379,0.6143965517241379,116,2025-05-01,273.0732844827586,271.61056896551725,0.2356896551724138,0.3503160919540231,0.8057183908045977,0.0,0.0,1417.5,1,0.0,0,0,0,0,0,0,0,0,1,1,1,0
Commodities Services Special,2025,6,274.09232758620686,0.9906896551724138,116,2025-06-01,273.1468017241379,270.53394827586203,0.6143965517241379,0.2854022988505748,0.6615229885057471,0.0,0.0,1417.5,1,0.0,0,0,0,0,0,0,0,0,1,1,1,0
Commodities Services Special,2025,7,274.2003620689655,1.196293103448276,116,2025-07-01,274.09232758620686,270.7689137931034,0.9906896551724138,0.6135919540229886,0.6584770114942529,0.0,0.0,1417.5,1,0.0,0,0,0,0,0,0,0,0,1,1,1,0
Commodities Services Special,2025,8,274.9653793103448,1.737413793103448,116,2025-08-01,274.2003620689655,270.2945172413793,1.196293103448276,0.933793103448276,0.6420545977011495,0.0,0.0,1417.5,1,0.0,0,0,0,0,0,0,0,0,1,1,1,0
Commodities Services Special,2025,9,276.25281896551724,2.30698275862069,116,2025-09-01,274.9653793103448,269.73374137931035,1.737413793103448,1.308132183908046,0.7967672413793103,0.0,0.0,1417.5,1,0.0,0,0,0,0,0,0,0,0,1,1,1,0
Commodities Services Special,2025,11,275.3917155172414,2.3136206896551723,116,2025-11-01,270.43318417510574,268.9688103448276,2.2528612490201203,2.0221982758620696,1.3691551724137931,0.0,0.0,1417.5,1,0.0,0,0,0,0,1,1,0,0,1,1,1,0
Commodities Services Special,2025,12,274.5013362068965,1.2621551724137932,116,2025-12-01,275.3917155172414,269.19541379310346,2.3136206896551723,2.310301724137932,1.709,0.0,0.0,1417.5,1,0.0,0,0,0,0,0,0,0,0,1,1,1,0
Food,2023,1,267.05459004739333,11.062247191011236,422,2023-01-01,266.1620297397769,242.8512209026128,2.2528612490201203,2.3010632183908046,2.444925650557621,0.0,0.0,1950.0,0,0.0,0,0,0,0,0,1,1,1,0,0,0,1
Food,2023,2,268.42890995260666,10.01494382022472,422,2023-02-01,267.05459004739333,250.1839289099526,11.062247191011236,11.062247191011236,11.062247191011236,0.0,0.0,1950.0,0,0.0,0,0,0,0,0,0,0,0,0,0,0,1
Food,2023,3,267.35781990521326,8.314756554307117,422,2023-03-01,268.42890995260666,249.49360663507107,10.01494382022472,10.53859550561798,10.53859550561798,0.0,0.0,1950.0,0,0.0,0,0,0,0,0,0,0,0,0,0,0,1
Food,2023,4,267.5480743494424,6.974232209737828,269,2023-04-01,267.35781990521326,249.56377323420077,8.314756554307117,9.797315855181024,9.797315855181024,0.0,0.0,1950.0,0,0.0,0,0,0,0,0,0,0,0,0,0,0,1
Food,2023,5,268.3535724907063,8.101449814126394,269,2023-05-01,267.5480743494424,252.69004460966545,6.974232209737828,8.434644194756556,9.091544943820224,0.0,0.0,1950.0,0,0.0,0,0,0,0,0,0,0,0,0,0,0,1
Food,2023,6,268.3638884758364,6.808104089219332,269,2023-06-01,268.3535724907063,256.97817228464424,8.101449814126394,7.796812859390446,8.893525917881458,0.0,0.0,1950.0,0,0.0,0,0,0,0,0,0,0,0,0,0,0,1
Food,2023,7,269.87349438202244,3.9630711610486897,267,2023-07-01,268.3638884758364,259.4282621722847,6.808104089219332,7.29459537102785,8.545955613104438,0.0,0.0,1950.0,0,0.0,0,0,0,0,0,0,0,0,0,0,0,1
Food,2023,8,269.8535353159851,5.306914498141264,269,2023-08-01,269.87349438202244,261.82119475655435,3.9630711610486897,6.290875021464806,7.36275960811068,0.0,0.0,1950.0,0,0.0,0,0,0,0,0,0,0,0,0,0,0,1
Food,2023,9,270.1711598513011,4.71089219330855,269,2023-09-01,269.8535353159851,264.1478164794008,5.306914498141264,5.359363249469761,6.578088054430103,0.0,0.0,1950.0,0,0.0,0,0,0,0,0,0,0,0,0,0,0,1
Food,2023,10,271.0011152416357,4.870520446096655,269,2023-10-01,270.1711598513011,265.23679104477617,4.71089219330855,4.660292617499501,5.977443994263676,0.0,0.0,1950.0,0,0.0,0,0,0,0,0,0,0,0,0,0,0,1
Food,2023,11,270.33242007434944,1.882639405204461,269,2023-11-01,271.0011152416357,265.2702973977695,4.870520446096655,4.96277571251549,5.626825366990147,0.0,0.0,1950.0,0,0.0,0,0,0,0,0,0,0,0,0,0,0,1
Food,2023,12,270.0814721189591,3.902156133828997,269,2023-12-01,270.33242007434944,266.1620297397769,1.882639405204461,3.821350681536555,4.590356965503158,0.0,0.0,1950.0,0,0.0,0,0,0,0,0,0,0,0,0,0,0,1
Food,2024,1,270.57571327014216,1.2612267657992564,422,2024-01-01,270.0814721189591,267.05459004739333,3.902156133828997,3.551771995043371,4.106032306271437,0.0,0.0,1911.0,0,0.0,0,0,0,0,0,0,0,0,0,0,0,0
Food,2024,2,271.7131232227488,1.3061338289962827,422,2024-02-01,270.57571327014216,268.42890995260666,1.2612267657992564,2.348674101610905,3.6557249070631967,0.0,0.0,1911.0,0,0.0,0,0,0,0,0,0,0,0,0,0,0,0
Food,2024,3,271.19814928909955,1.4468773234200742,422,2024-03-01,271.7131232227488,267.35781990521326,1.3061338289962827,2.1565055762081786,2.988928128872367,0.0,0.0,1911.0,0,0.0,0,0,0,0,0,0,0,0,0,0,0,0
Food,2024,4,271.6489330855018,1.4216728624535315,269,2024-04-01,271.19814928909955,267.5480743494424,1.4468773234200742,1.3380793060718712,2.444925650557621,0.0,0.0,1911.0,0,0.0,0,0,0,0,0,0,0,0,0,0,0,0
Food,2024,5,271.83383271375465,1.404200743494424,269,2024-05-01,271.6489330855018,268.3535724907063,1.4216728624535315,1.3915613382899628,1.8701177199504335,0.0,0.0,1911.0,0,0.0,0,0,0,0,0,0,0,0,0,0,0,0
Food,2024,6,272.3989553903346,1.3631970260223047,269,2024-06-01,271.83383271375465,268.3638884758364,1.404200743494424,1.4242503097893433,1.790377942998761,0.0,0.0,1911.0,0,0.0,0,0,0,0,0,0,0,0,0,0,0,0
Food,2024,7,273.2472342007435,1.4379553903345723,269,2024-07-01,272.3989553903346,269.87349438202244,1.3631970260223047,1.39635687732342,1.3672180916976455,0.0,0.0,1911.0,0,0.0,0,0,0,0,0,0,0,0,0,0,0,0
Food,2024,8,273.34840520446096,1.2879553903345724,269,2024-08-01,273.2472342007435,269.8535353159851,1.4379553903345723,1.4017843866171005,1.3966728624535316,0.0,0.0,1911.0,0,0.0,0,0,0,0,0,0,0,0,0,0,0,0
Food,2024,9,274.2927397769517,1.362007434944238,269,2024-09-01,273.34840520446096,270.1711598513011,1.2879553903345724,1.3630359355638166,1.39364312267658,0.0,0.0,1911.0,0,0.0,0,0,0,0,0,0,0,0,0,0,0,0
Food,2024,10,274.99439776951675,1.7209665427509293,269,2024-10-01,274.2927397769517,271.0011152416357,1.362007434944238,1.362639405204461,1.3794981412639409,0.0,0.0,1911.0,0,0.0,0,0,0,0,0,0,0,0,0,0,0,0
Food,2024,11,274.67275836431224,1.7118587360594797,269,2024-11-01,274.99439776951675,270.33242007434944,1.7209665427509293,1.4569764560099134,1.4293804213135068,0.0,0.0,1911.0,0,0.0,0,0,0,0,0,0,0,0,0,0,0,0
Food,2024,12,274.81765427509293,1.886171003717472,269,2024-12-01,274.67275836431224,270.0814721189591,1.7118587360594797,1.598277571251549,1.4806567534076829,0.0,0.0,1911.0,0,0.0,0,0,0,0,0,0,0,0,0,0,0,0
Food,2025,1,276.279672985782,1.9170260223048323,422,2025-01-01,274.81765427509293,270.57571327014216,1.886171003717472,1.7729987608426272,1.567819083023544,0.0,0.0,1417.5,1,0.0,0,0,0,0,0,0,0,0,1,1,1,0
Food,2025,2,278.1101587677725,2.0323048327137547,422,2025-02-01,276.279672985782,271.7131232227488,1.9170260223048323,1.8383519206939285,1.6476641883519207,0.0,0.0,1417.5,1,0.0,0,0,0,0,0,0,0,0,1,1,1,0
Food,2025,3,277.86631279620855,2.319182156133829,422,2025-03-01,278.1101587677725,271.19814928909955,2.0323048327137547,1.9451672862453533,1.7717224287484512,0.0,0.0,1417.5,1,0.0,0,0,0,0,0,0,0,0,1,1,1,0
Food,2025,4,277.2164460966543,1.9722676579925649,269,2025-04-01,277.86631279620855,271.6489330855018,2.319182156133829,2.0895043370508053,1.931251548946716,0.0,0.0,1417.5,1,0.0,0,0,0,0,0,0,0,0,1,1,1,0
Food,2025,5,278.05353159851296,2.143866171003717,269,2025-05-01,277.2164460966543,271.83383271375465,1.9722676579925649,2.107918215613383,1.9731350681536557,0.0,0.0,1417.5,1,0.0,0,0,0,0,0,0,0,0,1,1,1,0
Food,2025,6,279.83320599250936,2.2659550561797754,267,2025-06-01,278.05353159851296,272.3989553903346,2.143866171003717,2.145105328376704,2.0451363073110285,0.0,0.0,1417.5,1,0.0,0,0,0,0,0,0,0,0,1,1,1,0
Food,2025,7,280.8066292134831,2.457865168539326,267,2025-07-01,279.83320599250936,273.2472342007435,2.2659550561797754,2.127362961725353,2.108433649388079,0.0,0.0,1417.5,1,0.0,0,0,0,0,0,0,0,0,1,1,1,0
Food,2025,8,282.53793258426964,2.7839325842696625,267,2025-08-01,280.8066292134831,273.34840520446096,2.457865168539326,2.289228798574273,2.198573507093828,0.0,0.0,1417.5,1,0.0,0,0,0,0,0,0,0,0,1,1,1,0
Food,2025,9,282.88710037174724,2.9165055762081784,269,2025-09-01,282.53793258426964,274.2927397769517,2.7839325842696625,2.502584269662921,2.323844799019813,0.0,0.0,1417.5,1,0.0,0,0,0,0,0,0,0,0,1,1,1,0
Food,2025,11,281.77952059925093,2.461760299625468,267,2025-11-01,270.43318417510574,274.67275836431224,2.2528612490201203,2.8502190802389205,2.5136249112401323,0.0,0.0,1417.5,1,0.0,0,0,0,0,1,1,0,0,1,1,1,0
Food,2025,12,282.6110594795539,3.065278810408922,269,2025-12-01,281.77952059925093,274.81765427509293,2.461760299625468,2.689132937916823,2.5772037369644822,0.0,0.0,1417.5,1,0.0,0,0,0,0,0,0,0,0,1,1,1,0
Housing,2023,1,230.4129679144385,7.903063063063063,187,2023-01-01,229.4064375,213.68002702702705,2.2528612490201203,2.3010632183908046,2.444925650557621,0.0,0.0,1420.0,0,0.0,0,0,0,0,0,1,1,1,0,0,0,1
Housing,2023,2,229.626679144385,5.947857142857143,187,2023-02-01,230.4129679144385,218.41684782608692,7.903063063063063,7.903063063063063,7.903063063063063,0.0,0.0,1420.0,0,0.0,0,0,0,0,0,0,0,0,0,0,0,1
Housing,2023,3,229.3937925531915,4.535178571428571,188,2023-03-01,229.626679144385,219.5966847826087,5.947857142857143,6.925460102960103,6.925460102960103,0.0,0.0,1420.0,0,0.0,0,0,0,0,0,0,0,0,0,0,0,1
Housing,2023,4,228.88126315789475,2.630357142857143,114,2023-04-01,229.3937925531915,221.57615044247788,4.535178571428571,6.128699592449593,6.128699592449593,0.0,0.0,1420.0,0,0.0,0,0,0,0,0,0,0,0,0,0,0,1
Housing,2023,5,228.7005701754386,0.8839285714285714,114,2023-05-01,228.88126315789475,226.7411681415929,2.630357142857143,4.371130952380953,5.25411398005148,0.0,0.0,1420.0,0,0.0,0,0,0,0,0,0,0,0,0,0,0,1
Housing,2023,6,228.67138596491228,0.991875,114,2023-06-01,228.7005701754386,229.3296725663717,0.8839285714285714,2.683154761904762,4.380076898326898,0.0,0.0,1420.0,0,0.0,0,0,0,0,0,0,0,0,0,0,0,1
Housing,2023,7,230.3570350877193,0.5400892857142858,114,2023-07-01,228.67138596491228,227.74016216216216,0.991875,1.5020535714285714,3.815376581939082,0.0,0.0,1420.0,0,0.0,0,0,0,0,0,0,0,0,0,0,0,1
Housing,2023,8,231.72900869565217,0.4360714285714286,115,2023-08-01,230.3570350877193,228.4939203539823,0.5400892857142858,0.8052976190476192,2.588214285714286,0.0,0.0,1420.0,0,0.0,0,0,0,0,0,0,0,0,0,0,0,1
Housing,2023,9,233.46461946902656,0.6456756756756757,113,2023-09-01,231.72900869565217,229.19810810810813,0.4360714285714286,0.6560119047619049,1.6695833333333334,0.0,0.0,1420.0,0,0.0,0,0,0,0,0,0,0,0,0,0,0,1
Housing,2023,10,231.3518596491228,0.29875,114,2023-10-01,233.46461946902656,231.87212280701752,0.6456756756756757,0.54061212998713,1.0213328507078507,0.0,0.0,1420.0,0,0.0,0,0,0,0,0,0,0,0,0,0,0,1
Housing,2023,11,231.13634821428573,-0.2845045045045045,112,2023-11-01,231.3518596491228,230.6434642857143,0.29875,0.4601657014157014,0.6327316602316603,0.0,0.0,1420.0,0,0.0,0,0,0,0,0,0,0,0,0,0,0,1
Housing,2023,12,230.4752072072072,0.8615315315315315,111,2023-12-01,231.13634821428573,229.4064375,-0.2845045045045045,0.2199737237237237,0.4379928142428142,0.0,0.0,1420.0,0,0.0,0,0,0,0,0,0,0,0,0,0,0,1
Housing,2024,1,232.15367027027028,-0.6016216216216216,185,2024-01-01,230.4752072072072,230.4129679144385,0.8615315315315315,0.2919256756756757,0.4162689028314028,0.0,0.0,1415.0,0,0.0,0,0,0,0,0,0,0,0,0,0,0,0
Housing,2024,2,232.77217741935485,0.2285840707964601,186,2024-02-01,232.15367027027028,229.626679144385,-0.6016216216216216,-0.0081981981981981,0.2259837516087516,0.0,0.0,1415.0,0,0.0,0,0,0,0,0,0,0,0,0,0,0,0
Housing,2024,3,233.3187741935484,0.8007964601769911,186,2024-03-01,232.77217741935485,229.3937925531915,0.2285840707964601,0.1628313269021233,0.1914025253129235,0.0,0.0,1415.0,0,0.0,0,0,0,0,0,0,0,0,0,0,0,0
Housing,2024,4,233.80061403508773,0.9443362831858408,114,2024-04-01,233.3187741935484,228.88126315789475,0.8007964601769911,0.1425863031172765,0.2172559893964761,0.0,0.0,1415.0,0,0.0,0,0,0,0,0,0,0,0,0,0,0,0
Housing,2024,5,233.45109009009008,0.5643243243243242,111,2024-05-01,233.80061403508773,228.7005701754386,0.9443362831858408,0.657905604719764,0.3248537032607829,0.0,0.0,1415.0,0,0.0,0,0,0,0,0,0,0,0,0,0,0,0
Housing,2024,6,234.03665765765768,0.8954054054054054,111,2024-06-01,233.45109009009008,228.67138596491228,0.5643243243243242,0.7698190225623854,0.4663251747322544,0.0,0.0,1415.0,0,0.0,0,0,0,0,0,0,0,0,0,0,0,0
Housing,2024,7,236.1058761061947,0.7635714285714286,113,2024-07-01,234.03665765765768,230.3570350877193,0.8954054054054054,0.8013553376385234,0.4719708203779,0.0,0.0,1415.0,0,0.0,0,0,0,0,0,0,0,0,0,0,0,0
Housing,2024,8,234.616375,0.177027027027027,112,2024-08-01,236.1058761061947,231.72900869565217,0.7635714285714286,0.7411003861003861,0.6995029954100751,0.0,0.0,1415.0,0,0.0,0,0,0,0,0,0,0,0,0,0,0,0
Housing,2024,9,234.9477610619469,0.5611607142857142,113,2024-09-01,234.616375,233.46461946902656,0.177027027027027,0.612001287001287,0.6909101547818363,0.0,0.0,1415.0,0,0.0,0,0,0,0,0,0,0,0,0,0,0,0
Housing,2024,10,234.9137807017544,0.9831858407079648,114,2024-10-01,234.9477610619469,231.3518596491228,0.5611607142857142,0.5005863899613899,0.6509708637999567,0.0,0.0,1415.0,0,0.0,0,0,0,0,0,0,0,0,0,0,0,0
Housing,2024,11,235.08729203539824,1.2242857142857144,113,2024-11-01,234.9137807017544,231.13634821428573,0.9831858407079648,0.5737911940069019,0.657445790053644,0.0,0.0,1415.0,0,0.0,0,0,0,0,0,0,0,0,0,0,0,0
Housing,2024,12,235.4787207207207,0.8175675675675675,111,2024-12-01,235.08729203539824,230.4752072072072,1.2242857142857144,0.922877423093131,0.767439355047209,0.0,0.0,1415.0,0,0.0,0,0,0,0,0,0,0,0,0,0,0,0
Housing,2025,1,237.2339010989011,0.9827927927927927,182,2025-01-01,235.4787207207207,232.15367027027028,0.8175675675675675,1.0083463741870822,0.7544663820742361,0.0,0.0,1417.5,1,0.0,0,0,0,0,0,0,0,0,1,1,1,0
Housing,2025,2,239.50579120879124,1.526126126126126,182,2025-02-01,237.2339010989011,232.77217741935485,0.9827927927927927,1.0082153582153583,0.7910032761111302,0.0,0.0,1417.5,1,0.0,0,0,0,0,0,0,0,0,1,1,1,0
Housing,2025,3,238.72515934065933,1.8192792792792796,182,2025-03-01,239.50579120879124,233.3187741935484,1.526126126126126,1.1088288288288288,1.01585312596098,0.0,0.0,1417.5,1,0.0,0,0,0,0,0,0,0,0,1,1,1,0
Housing,2025,4,239.56692792792796,2.007747747747748,111,2025-04-01,238.72515934065933,233.80061403508773,1.8192792792792796,1.4427327327327326,1.2255395534599076,0.0,0.0,1417.5,1,0.0,0,0,0,0,0,0,0,0,1,1,1,0
Housing,2025,5,241.20533928571427,2.386071428571429,112,2025-05-01,239.56692792792796,233.45109009009008,2.007747747747748,1.7843843843843843,1.396299871299871,0.0,0.0,1417.5,1,0.0,0,0,0,0,0,0,0,0,1,1,1,0
Housing,2025,6,242.6131891891892,3.4134234234234238,111,2025-06-01,241.20533928571427,234.03665765765768,2.386071428571429,2.0710328185328186,1.5899308236808238,0.0,0.0,1417.5,1,0.0,0,0,0,0,0,0,0,0,1,1,1,0
Housing,2025,7,243.46620535714283,3.797678571428571,112,2025-07-01,242.6131891891892,236.1058761061947,3.4134234234234238,2.6024141999142003,2.022573466323466,0.0,0.0,1417.5,1,0.0,0,0,0,0,0,0,0,0,1,1,1,0
Housing,2025,8,243.13154954954956,3.3447747747747747,111,2025-08-01,243.46620535714283,234.616375,3.797678571428571,3.199057807807808,2.491721096096096,0.0,0.0,1417.5,1,0.0,0,0,0,0,0,0,0,0,1,1,1,0
Housing,2025,9,243.72874107142857,3.78,112,2025-09-01,243.13154954954956,234.9477610619469,3.3447747747747747,3.51862558987559,2.794829204204204,0.0,0.0,1417.5,1,0.0,0,0,0,0,0,0,0,0,1,1,1,0
Housing,2025,11,244.26687272727276,3.3662727272727277,110,2025-11-01,270.43318417510574,235.08729203539824,2.2528612490201203,3.562387387387388,3.3443896396396395,0.0,0.0,1417.5,1,0.0,0,0,0,0,1,1,0,0,1,1,1,0
Housing,2025,12,244.0354054054054,3.582342342342342,111,2025-12-01,244.26687272727276,235.4787207207207,3.3662727272727277,3.573136363636364,3.540429899379899,0.0,0.0,1417.5,1,0.0,0,0,0,0,0,0,0,0,1,1,1,0
Medical,2023,1,383.8638571428572,3.091282051282051,70,2023-01-01,392.6802325581396,372.2741714285714,2.2528612490201203,2.3010632183908046,2.444925650557621,0.0,0.0,256.0,0,0.0,0,0,0,0,0,1,1,1,0,0,0,1
Medical,2023,2,385.4403142857143,2.7011904761904764,70,2023-02-01,383.8638571428572,375.64527142857145,3.091282051282051,3.091282051282051,3.091282051282051,0.0,0.0,256.0,0,0.0,0,0,0,0,0,0,0,0,0,0,0,1
Medical,2023,3,384.69862857142857,2.54953488372093,70,2023-03-01,385.4403142857143,375.2124142857143,2.7011904761904764,2.896236263736264,2.896236263736264,0.0,0.0,256.0,0,0.0,0,0,0,0,0,0,0,0,0,0,0,1
Medical,2023,4,394.856976744186,2.3769767441860465,43,2023-04-01,384.69862857142857,384.7713023255814,2.54953488372093,2.7806691370644856,2.7806691370644856,0.0,0.0,256.0,0,0.0,0,0,0,0,0,0,0,0,0,0,0,1
Medical,2023,5,396.1742093023256,2.239767441860465,43,2023-05-01,394.856976744186,385.7928372093023,2.3769767441860465,2.5425673680324845,2.679746038844876,0.0,0.0,256.0,0,0.0,0,0,0,0,0,0,0,0,0,0,0,1
Medical,2023,6,396.8976046511629,1.89046511627907,43,2023-06-01,396.1742093023256,387.65769767441856,2.239767441860465,2.3887596899224808,2.5917503194479936,0.0,0.0,256.0,0,0.0,0,0,0,0,0,0,0,0,0,0,0,1
Medical,2023,7,397.1317209302326,1.692093023255814,43,2023-07-01,396.8976046511629,389.22774418604655,1.89046511627907,2.1690697674418606,2.474869452253173,0.0,0.0,256.0,0,0.0,0,0,0,0,0,0,0,0,0,0,0,1
Medical,2023,8,399.0564186046511,1.7051162790697676,43,2023-08-01,397.1317209302326,392.63256097560975,1.692093023255814,1.9407751937984496,2.241671280915466,0.0,0.0,256.0,0,0.0,0,0,0,0,0,0,0,0,0,0,0,1
Medical,2023,9,400.29413953488375,1.7667441860465116,43,2023-09-01,399.0564186046511,392.9518837209303,1.7051162790697676,1.7625581395348835,2.0756589147286824,0.0,0.0,256.0,0,0.0,0,0,0,0,0,0,0,0,0,0,0,1
Medical,2023,10,401.7270465116279,2.193953488372093,43,2023-10-01,400.29413953488375,371.0911081081081,1.7667441860465116,1.7213178294573643,1.945193798449612,0.0,0.0,256.0,0,0.0,0,0,0,0,0,0,0,0,0,0,0,1
Medical,2023,11,402.8590930232558,2.468372093023256,43,2023-11-01,401.7270465116279,391.1572790697674,2.193953488372093,1.888604651162791,1.91468992248062,0.0,0.0,256.0,0,0.0,0,0,0,0,0,0,0,0,0,0,0,1
Medical,2023,12,404.2529302325581,3.338604651162791,43,2023-12-01,402.8590930232558,392.6802325581396,2.468372093023256,2.143023255813954,1.9527906976744187,0.0,0.0,256.0,0,0.0,0,0,0,0,0,0,0,0,0,0,0,1
Medical,2024,1,396.9746714285714,2.8906976744186044,70,2024-01-01,404.2529302325581,383.8638571428572,3.338604651162791,2.6669767441860466,2.1941472868217056,0.0,0.0,257.0,0,0.0,0,0,0,0,0,0,0,0,0,0,0,0
Medical,2024,2,398.3315,2.927906976744186,70,2024-02-01,396.9746714285714,385.4403142857143,2.8906976744186044,2.89922480620155,2.3939147286821707,0.0,0.0,257.0,0,0.0,0,0,0,0,0,0,0,0,0,0,0,0
Medical,2024,3,399.0163571428572,3.3281395348837206,70,2024-03-01,398.3315,384.69862857142857,2.927906976744186,3.052403100775194,2.597713178294573,0.0,0.0,257.0,0,0.0,0,0,0,0,0,0,0,0,0,0,0,0
Medical,2024,4,410.9634651162791,3.411627906976744,43,2024-04-01,399.0163571428572,394.856976744186,3.3281395348837206,3.0489147286821705,2.8579457364341088,0.0,0.0,257.0,0,0.0,0,0,0,0,0,0,0,0,0,0,0,0
Medical,2024,5,413.1504418604652,3.689767441860465,43,2024-05-01,410.9634651162791,396.1742093023256,3.411627906976744,3.222558139534884,3.0608914728682173,0.0,0.0,257.0,0,0.0,0,0,0,0,0,0,0,0,0,0,0,0
Medical,2024,6,414.5342439024391,3.639268292682927,41,2024-06-01,413.1504418604652,396.8976046511629,3.689767441860465,3.4765116279069765,3.264457364341085,0.0,0.0,257.0,0,0.0,0,0,0,0,0,0,0,0,0,0,0,0
Medical,2024,7,412.3047441860465,3.235116279069767,43,2024-07-01,414.5342439024391,397.1317209302326,3.639268292682927,3.580221213840045,3.314567971261108,0.0,0.0,257.0,0,0.0,0,0,0,0,0,0,0,0,0,0,0,0
Medical,2024,8,386.51508108108106,2.712972972972973,37,2024-08-01,412.3047441860465,399.0564186046511,3.235116279069767,3.5213840045377194,3.371971072036301,0.0,0.0,257.0,0,0.0,0,0,0,0,0,0,0,0,0,0,0,0
Medical,2024,9,413.7553488372093,3.2060465116279078,43,2024-09-01,386.51508108108106,400.29413953488375,2.712972972972973,3.195785848241889,3.336148738074433,0.0,0.0,257.0,0,0.0,0,0,0,0,0,0,0,0,0,0,0,0
Medical,2024,10,420.9266428571429,2.8580952380952382,42,2024-10-01,413.7553488372093,401.7270465116279,3.2060465116279078,3.051378587890216,3.3157999008651307,0.0,0.0,257.0,0,0.0,0,0,0,0,0,0,0,0,0,0,0,0
Medical,2024,11,415.69255813953487,2.8000000000000003,43,2024-11-01,420.9266428571429,402.8590930232558,2.8580952380952382,2.925704907565373,3.2235444560515467,0.0,0.0,257.0,0,0.0,0,0,0,0,0,0,0,0,0,0,0,0
Medical,2024,12,416.928756097561,3.148048780487805,41,2024-12-01,415.69255813953487,404.2529302325581,2.8000000000000003,2.954713916574382,3.075249882408136,0.0,0.0,257.0,0,0.0,0,0,0,0,0,0,0,0,0,0,0,0
Medical,2025,1,407.8809857142857,2.695813953488372,70,2025-01-01,416.928756097561,396.9746714285714,3.148048780487805,2.935381339527681,2.993379963708948,0.0,0.0,1417.5,1,0.0,0,0,0,0,0,0,0,0,1,1,1,0
Medical,2025,2,404.2629393939394,2.723953488372093,66,2025-02-01,407.8809857142857,398.3315,2.695813953488372,2.8812875779920595,2.9034962427787163,0.0,0.0,1417.5,1,0.0,0,0,0,0,0,0,0,0,1,1,1,0
Medical,2025,3,404.03645454545455,2.4669767441860464,66,2025-03-01,404.2629393939394,399.0163571428572,2.723953488372093,2.855938740782757,2.9053263286785693,0.0,0.0,1417.5,1,0.0,0,0,0,0,0,0,0,0,1,1,1,0
Medical,2025,4,428.42388095238096,2.2833333333333337,42,2025-04-01,404.03645454545455,410.9634651162791,2.4669767441860464,2.6289147286821706,2.782148034104926,0.0,0.0,1417.5,1,0.0,0,0,0,0,0,0,0,0,1,1,1,0
Medical,2025,5,423.9953255813953,2.279302325581396,43,2025-05-01,428.42388095238096,413.1504418604652,2.2833333333333337,2.491421188630491,2.6863543833112757,0.0,0.0,1417.5,1,0.0,0,0,0,0,0,0,0,0,1,1,1,0
Medical,2025,6,426.3498048780488,2.4436585365853656,41,2025-06-01,423.9953255813953,414.5342439024391,2.279302325581396,2.343204134366925,2.599571437574841,0.0,0.0,1417.5,1,0.0,0,0,0,0,0,0,0,0,1,1,1,0
Medical,2025,7,435.9829024390244,3.109512195121951,41,2025-07-01,426.3498048780488,412.3047441860465,2.4436585365853656,2.3354313985000315,2.482173063591101,0.0,0.0,1417.5,1,0.0,0,0,0,0,0,0,0,0,1,1,1,0
Medical,2025,8,436.8397948717949,2.9682051282051285,39,2025-08-01,435.9829024390244,386.51508108108106,3.109512195121951,2.610824352429571,2.551122770530031,0.0,0.0,1417.5,1,0.0,0,0,0,0,0,0,0,0,1,1,1,0
Medical,2025,9,436.9043658536585,3.118048780487805,41,2025-09-01,436.8397948717949,413.7553488372093,2.9682051282051285,2.8404586199708146,2.5918313771688704,0.0,0.0,1417.5,1,0.0,0,0,0,0,0,0,0,0,1,1,1,0
Medical,2025,11,439.2524871794872,2.937179487179487,39,2025-11-01,270.43318417510574,415.69255813953487,2.2528612490201203,3.0431269543464667,2.783745393196329,0.0,0.0,1417.5,1,0.0,0,0,0,0,1,1,0,0,1,1,1,0
Medical,2025,12,441.3483076923077,3.752307692307693,39,2025-12-01,439.2524871794872,416.928756097561,2.937179487179487,3.027614133833646,2.9153208255159475,0.0,0.0,1417.5,1,0.0,0,0,0,0,0,0,0,0,1,1,1,0
Transportation,2023,1,248.40970068027207,3.366470588235294,147,2023-01-01,244.16797701149423,243.2,2.2528612490201203,2.3010632183908046,2.444925650557621,0.0,0.0,1936.0,0,0.0,0,0,0,0,0,1,1,1,0,0,0,1
Transportation,2023,2,253.06627586206895,-0.3637647058823527,145,2023-02-01,248.40970068027207,245.62607382550337,3.366470588235294,3.366470588235294,3.366470588235294,0.0,0.0,1936.0,0,0.0,0,0,0,0,0,0,0,0,0,0,0,1
Transportation,2023,3,249.44392465753427,-2.276904761904762,146,2023-03-01,253.06627586206895,256.8109324324324,-0.3637647058823527,1.5013529411764706,1.5013529411764706,0.0,0.0,1936.0,0,0.0,0,0,0,0,0,0,0,0,0,0,0,1
Transportation,2023,4,252.61414942528737,-2.8114117647058823,87,2023-04-01,249.44392465753427,261.7333176470588,-2.276904761904762,0.2419337068160597,0.2419337068160597,0.0,0.0,1936.0,0,0.0,0,0,0,0,0,0,0,0,0,0,0,1
Transportation,2023,5,251.7242298850575,-5.458235294117647,87,2023-05-01,252.61414942528737,271.4990352941177,-2.8114117647058823,-1.817360410830999,-0.5214026610644258,0.0,0.0,1936.0,0,0.0,0,0,0,0,0,0,0,0,0,0,0,1
Transportation,2023,6,252.24363218390803,-4.822470588235294,87,2023-06-01,251.7242298850575,279.9269540229885,-5.458235294117647,-3.5155172735760973,-1.50876918767507,0.0,0.0,1936.0,0,0.0,0,0,0,0,0,0,0,0,0,0,0,1
Transportation,2023,7,252.4413908045977,-2.072,87,2023-07-01,252.24363218390803,271.0391379310345,-4.822470588235294,-4.364039215686275,-2.0610527544351074,0.0,0.0,1936.0,0,0.0,0,0,0,0,0,0,0,0,0,0,0,1
Transportation,2023,8,258.8082068965517,1.599080459770115,87,2023-08-01,252.4413908045977,261.7927294117647,-2.072,-4.11756862745098,-2.9674645191409894,0.0,0.0,1936.0,0,0.0,0,0,0,0,0,0,0,0,0,0,0,1
Transportation,2023,9,260.0280919540229,0.9904597701149424,87,2023-09-01,258.8082068965517,254.20920689655173,1.599080459770115,-1.7651300428217265,-2.640323658198912,0.0,0.0,1936.0,0,0.0,0,0,0,0,0,0,0,0,0,0,0,1
Transportation,2023,10,259.57150588235294,0.128,85,2023-10-01,260.0280919540229,257.9527586206896,0.9904597701149424,0.1725134099616857,-2.0957629028622944,0.0,0.0,1936.0,0,0.0,0,0,0,0,0,0,0,0,0,0,0,1
Transportation,2023,11,253.67797647058825,1.2167058823529413,85,2023-11-01,259.57150588235294,255.06150574712643,0.128,0.9058467432950192,-1.6058609420779806,0.0,0.0,1936.0,0,0.0,0,0,0,0,0,0,0,0,0,0,0,1
Transportation,2023,12,249.22375294117649,-2.7288235294117644,85,2023-12-01,253.67797647058825,244.16797701149423,1.2167058823529413,0.7783885508226279,-0.4933707459995493,0.0,0.0,1936.0,0,0.0,0,0,0,0,0,0,0,0,0,0,0,1
Transportation,2024,1,248.5253537414966,-1.307471264367816,147,2024-01-01,249.22375294117649,248.40970068027207,-2.7288235294117644,-0.4613725490196077,-0.144429569528961,0.0,0.0,1936.0,0,0.0,0,0,0,0,0,0,0,0,0,0,0,0
Transportation,2024,2,251.99210416666665,-0.6005882352941176,144,2024-02-01,248.5253537414966,253.06627586206895,-1.307471264367816,-0.9398629704755465,-0.0170081135902637,0.0,0.0,1936.0,0,0.0,0,0,0,0,0,0,0,0,0,0,0,0
Transportation,2024,3,252.9333655172414,0.0741860465116279,145,2024-03-01,251.99210416666665,249.44392465753427,-0.6005882352941176,-1.545627676357899,-0.3836195627676358,0.0,0.0,1936.0,0,0.0,0,0,0,0,0,0,0,0,0,0,0,0
Transportation,2024,4,261.5860352941176,0.9352941176470588,85,2024-04-01,252.9333655172414,252.61414942528737,0.0741860465116279,-0.6112911510501019,-0.536331850034855,0.0,0.0,1936.0,0,0.0,0,0,0,0,0,0,0,0,0,0,0,0
Transportation,2024,5,257.1032183908046,0.6962068965517242,87,2024-05-01,261.5860352941176,251.7242298850575,0.9352941176470588,0.1362973096215231,-0.4017828304270117,0.0,0.0,1936.0,0,0.0,0,0,0,0,0,0,0,0,0,0,0,0
Transportation,2024,6,256.7285529411765,-0.721529411764706,85,2024-06-01,257.1032183908046,252.24363218390803,0.6962068965517242,0.5685623535701371,-0.4885326613938812,0.0,0.0,1936.0,0,0.0,0,0,0,0,0,0,0,0,0,0,0,0
Transportation,2024,7,253.34941379310345,-1.730459770114943,87,2024-07-01,256.7285529411765,252.4413908045977,-0.721529411764706,0.3033238674780257,-0.1539836417860381,0.0,0.0,1936.0,0,0.0,0,0,0,0,0,0,0,0,0,0,0,0
Transportation,2024,8,252.73035714285712,-2.975833333333333,84,2024-08-01,253.34941379310345,258.8082068965517,-1.730459770114943,-0.5852607617759747,-0.2244817260772259,0.0,0.0,1936.0,0,0.0,0,0,0,0,0,0,0,0,0,0,0,0
Transportation,2024,9,249.01919540229883,-2.818735632183908,87,2024-09-01,252.73035714285712,260.0280919540229,-2.975833333333333,-1.8092741717376608,-0.6203559090837618,0.0,0.0,1936.0,0,0.0,0,0,0,0,0,0,0,0,0,0,0,0
Transportation,2024,10,251.5477882352941,-1.5525882352941176,85,2024-10-01,249.01919540229883,259.57150588235294,-2.818735632183908,-2.5083429118773943,-1.1025095221996846,0.0,0.0,1936.0,0,0.0,0,0,0,0,0,0,0,0,0,0,0,0
Transportation,2024,11,249.8860823529412,-0.3859999999999999,85,2024-11-01,251.5477882352941,253.67797647058825,-1.5525882352941176,-2.449052400270453,-1.5171565810232142,0.0,0.0,1936.0,0,0.0,0,0,0,0,0,0,0,0,0,0,0,0
Transportation,2024,12,250.18764705882356,-2.129882352941177,85,2024-12-01,249.8860823529412,249.22375294117649,-0.3859999999999999,-1.5857746224926752,-1.697524397115168,0.0,0.0,1936.0,0,0.0,0,0,0,0,0,0,0,0,0,0,0,0
Transportation,2025,1,251.8791103448276,0.3750588235294117,145,2025-01-01,250.18764705882356,248.5253537414966,-2.129882352941177,-1.3561568627450982,-1.9322498873112464,0.0,0.0,1417.5,1,0.0,0,0,0,0,0,0,0,0,1,1,1,0
Transportation,2025,2,253.1064822695036,-1.2223529411764706,141,2025-02-01,251.8791103448276,251.99210416666665,0.3750588235294117,-0.7136078431372549,-1.5813301217038538,0.0,0.0,1417.5,1,0.0,0,0,0,0,0,0,0,0,1,1,1,0
Transportation,2025,3,251.66274468085103,-3.0749411764705883,141,2025-03-01,253.1064822695036,252.9333655172414,-1.2223529411764706,-0.9923921568627452,-1.2890833896777103,0.0,0.0,1417.5,1,0.0,0,0,0,0,0,0,0,0,1,1,1,0
Transportation,2025,4,248.3552093023256,-2.4338372093023257,86,2025-04-01,251.66274468085103,261.5860352941176,-3.0749411764705883,-1.3074117647058825,-1.33178431372549,0.0,0.0,1417.5,1,0.0,0,0,0,0,0,0,0,0,1,1,1,0
Transportation,2025,5,250.03297701149424,-1.444712643678161,87,2025-05-01,248.3552093023256,257.1032183908046,-2.4338372093023257,-2.2437104423164613,-1.4786591427268585,0.0,0.0,1417.5,1,0.0,0,0,0,0,0,0,0,0,1,1,1,0
Transportation,2025,6,250.2406896551724,-1.0039080459770116,87,2025-06-01,250.03297701149424,256.7285529411765,-1.444712643678161,-2.317830343150358,-1.655111250006552,0.0,0.0,1417.5,1,0.0,0,0,0,0,0,0,0,0,1,1,1,0
Transportation,2025,7,250.47858620689652,-0.1444827586206896,87,2025-07-01,250.2406896551724,253.34941379310345,-1.0039080459770116,-1.6274859663191663,-1.4674488655125242,0.0,0.0,1417.5,1,0.0,0,0,0,0,0,0,0,0,1,1,1,0
Transportation,2025,8,249.4665465116279,0.896860465116279,86,2025-08-01,250.47858620689652,252.73035714285712,-0.1444827586206896,-0.8643678160919542,-1.5540391292042075,0.0,0.0,1417.5,1,0.0,0,0,0,0,0,0,0,0,1,1,1,0
Transportation,2025,9,253.13852873563215,1.5224137931034485,87,2025-09-01,249.4665465116279,249.01919540229883,0.896860465116279,-0.0838434464938075,-1.200836894822083,0.0,0.0,1417.5,1,0.0,0,0,0,0,0,0,0,0,1,1,1,0
Transportation,2025,10,236.2220625,1.1075,87,2025-10-01,253.13852873563215,251.5477882352941,1.5224137931034485,0.758263833199679,-0.4346110665597435,0.0,0.0,1417.5,1,0.0,0,0,0,0,0,0,0,0,1,1,1,0
Transportation,2025,11,233.72244047619049,1.7308333333333334,84,2025-11-01,236.2220625,249.8860823529412,1.1075,1.1755914194065755,0.1556118016573108,0.0,0.0,1417.5,1,0.0,0,0,0,0,0,0,0,0,1,1,1,0
Transportation,2025,12,245.59130232558135,-1.521279069767442,86,2025-12-01,233.72244047619049,250.18764705882356,1.7308333333333334,1.453582375478927,0.6848694644925599,0.0,0.0,1417.5,1,0.0,0,0,0,0,0,0,0,0,1,1,1,0
